Workbook

Sheet 00 START HERE
A1: Universal WFM Scheduler — RC8 Clean Input Template
A2: Business-safe input workbook. Complete the yellow Instructions values and roster/demand sheets; dropdowns prevent common contract typos. Engine tuning stays hidden.
A3: Prepared RC8 example: SAKS_NEW. Client/program text is descriptive only and never branches engine logic.
A4: 5-step setup
A5: 1 | B5: Instructions | C5: Choose interval/source sheets, target/floor, blank-demand policy, shift/OFF rules, and break policy using dropdowns. | E5: Input color guide
A6: 2 | B6: Schedule | C6: Enter each associate once: ID, email, name, TL, and language. Leave Sun–Sat blank. | E6: Yellow | F6: User input / dropdown
A7: 3 | B7: Requirements & Shrinkage | C7: Paste required HC into the selected FT Wise sheet. Closed intervals stay blank. Enter shrinkage in the matching sheet. | E7: Grey | F7: Reference, formula, or engine output area
A8: 4 | B8: Optional Requests | C8: Use Preference, Fixed Request, Language Setup, and Previous week scheduled only when applicable. | E8: Blue | F8: Section header / guidance
A9: 5 | B9: Validate & Run | C9: Open Input Checks. Resolve CHECK/MISSING items, then upload this workbook using the universal Colab runner. | E9: Green | F9: Ready / PASS
E10: Red | F10: Missing or inconsistent input
A12: Fixed engine protections — no manual solver tuning required
A13: • Final production decision is based on after-break coverage; BEST BEFORE remains a protected review artifact and recovery anchor.
A14: • Blank-demand policy is explicit. “No new staffing” is enforced in shift filtering, CP-SAT, repair, and final validation.
A15: • Overnight demand is interpreted cyclically, so 14:00–08:00 is not mistaken for 24/7.
A16: • Language/skill coverage is directional: source language → languages it can cover.
A17: • Rest, OFF/leave/fixed/nesting, opening, Next Sunday, hard floors, and approved exception caps remain authoritative.
A18: • Historical KPI workbooks are comparison references unless provenance matches the current input/contract and final artifact.
E19: Readiness snapshot
E20: Check | F20: Current status | G20: Go to
E21: Instruction sources aligned | F21: ='Input Checks'!B5 | G21: Instructions
E22: Roster ready | F22: ='Input Checks'!B7 | G22: Schedule
E23: Requirements loaded | F23: ='Input Checks'!B10 | G23: FT Wise selected source
E24: Allowed shifts loaded | F24: ='Input Checks'!B11 | G24: Shift Library
E25: Overall readiness | F25: ='Input Checks'!B15 | G25: Input Checks

Sheet SAKS New Test Setup
A1: SAKS New 51HC Production Test - 90% Interval KPI
A2: Pass goal | B2: 100% of active intervals must be >=90%; 80% remains the hard minimum floor. | C2: No fixed shifts or nesting groups are active.
A4: Field | B4: Value | C4: Notes
A5: Source file | B5: SAKS New.xlsx | C5: Uploaded workbook used for Required FTE and Shrinkage grids.
A6: Week dates | B6: 2026-07-12 to 2026-07-18 | C6: From uploaded sheet row 3.
A7: HC | B7: 51 | C7: Set by user.
A8: 11H / 3OFF allowed | B8: Yes | C8: Allowed by user. Engine may still prefer 9H if 100% target needs more weekly productive hours.
A9: Rest minimum | B9: 12 hours | C9: Set by user.
A10: Max shift types / week | B10: 3 | C10: Set by user.
A11: Shrinkage source | B11: Shrinkage 30 Min | C11: Per-interval shrinkage loaded from uploaded workbook.
A12: Positive demand intervals | B12: 252 | C12: Active weekly 30-minute intervals with requirement > 0.
A13: Required productive hours before shrinkage | B13: 1722.95 | C13: Sum(required FTE * 0.5h).
A14: Shrinkage-adjusted hours @ 100% target | B14: 2033.62 | C14: Full target coverage after shrinkage.
A15: Shrinkage-adjusted hours @ 90% quality band | B15: 1830.26 | C15: Desired operational quality band, not the target.
A16: Shrinkage-adjusted hours @ 80% minimum floor | B16: 1626.9 | C16: Hard minimum floor.
A17: Max interval requirement | B17: 27.4 | C17: Peak required FTE before shrinkage.
A18: Average shrinkage | B18: 0.1539 | C18: Across positive intervals with shrinkage values.
A19: Estimated 9H/2OFF net capacity | B19: 2040 | C19: Assumes 9h gross with 1h break = 8 productive hours, 5 working days.
A20: Estimated 11H/3OFF net capacity | B20: 1989 | C20: Assumes 11h gross with 1.25h break = 9.75 productive hours, 4 working days.
A21: 100% diagnostic buffer vs all-9H | B21: 6.38 | C21: Very tight if positive; infeasible by hours if negative.
A22: 100% diagnostic deficit vs all-11H | B22: 44.62 | C22: All-11H is likely insufficient by aggregate hours if positive.
A23: Approx max 11H associates if rest are 9H | B23: 6 | C23: Rough aggregate-hours limit before shape/break constraints.
A24: Target KPI | B24: 90% per active interval | C24: Actual/Required % must be >=90% after breaks and shrinkage.
A25: Desired production band | B25: Same as target: >=90% per active interval | C25: Corrected from earlier 100% target interpretation.
A26: Minimum floor | B26: 80% per active interval | C26: Hard floor; no 70% tolerance.
A27: Fixed/nesting requests | B27: Disabled | C27: Confirmed by user: no fixed shifts/nesting.
A28: Preferences/leaves | B28: None supplied | C28: Generic associate roster used; provide roster/preferences to make final production file exact.
A29: Allowed shift start window | B29: 13:00 - 22:00 | C29: Retained from SAKS template; confirm if starts outside this window are allowed.
A30: Shift start step | B30: 60 minutes | C30: Retained from SAKS template; confirm if half-hour starts should be allowed.
A31: Balance Coverage | B31: Yes | C31: Enabled for shortage/overage balancing validation.
A32: Capacity warning | B32: Tight but more realistic for 90% KPI | C32: 100% full coverage is diagnostic; requested pass target is all active intervals at >=90%.
A33: Overall schedule KPI | B33: 100% of active intervals >=90% | C33: Every active interval should meet or exceed the 90% threshold.
A34: 100% full coverage | B34: Tracked only | C34: Diagnostic metric, not the pass target.

Sheet RC7 Contract Audit
A1: RC7 Contract Audit
A2: Field | B2: Expected | C2: Parsed | D2: Status
A3: roster_count | B3: 50 | C3: 50 | D3: PASS
A4: instructed_headcount | B4: 50 | C4: 50 | D4: PASS
A5: program_name | B5: SAKS | C5: SAKS | D5: PASS
A6: interval_minutes | B6: 30 | C6: 30 | D6: PASS
A7: requirement_sheet | B7: FT Wise 30 Min | C7: FT Wise 30 Min | D7: PASS
A8: shrinkage_sheet | B8: Shrinkage 30 Min | C8: Shrinkage 30 Min | D8: PASS
A9: target_ratio | B9: 0.9 | C9: 0.9 | D9: PASS
A10: floor_ratio | B10: 0.8 | C10: 0.8 | D10: PASS
A11: floor_mode | B11: hard | C11: hard | D11: PASS
A12: target_priority_confirmed | B12: True | C12: True | D12: PASS
A13: allow_no_break_exceptions | B13: False | C13: False | D13: PASS
... A27: Parser warnings | B27: 0 | C27: 0 | D27: PASS
A28: Input SHA-256 before audit sheet | B28: 1625c219aa6cedf97f729542dc964ce0c5b3fc07c0d5ba0eaa1fd79bf54e998e | D28: INFO

Sheet Coverage KPI Rules
A1: Rule | B1: Value | C1: How to evaluate | D1: Notes
A2: Interval KPI threshold | B2: 90% | C2: Actual/Required % >= 90% | D2: This is the main scheduling target per active interval after breaks and shrinkage.
A3: Overall schedule KPI | B3: 100% | C3: 100% of active intervals must be >= 90% | D3: This is what the user means by overall schedule target = 100%.
A4: Hard minimum floor | B4: 80% | C4: Actual/Required % >= 80% | D4: Below 80% is a hard floor issue unless the case is proven infeasible.
A5: 100% full-coverage view | B5: Tracked only | C5: Actual/Required % >= 100% | D5: Useful diagnostic, but not the requested pass target.
A6: 90% KPI gap | B6: Max(0, 0.9*Required - Staffed) | C6: Shortage to the requested target threshold. | D6: Primary shortage metric for this test.
A7: 80% floor gap | B7: Max(0, 0.8*Required - Staffed) | C7: Shortage to the hard minimum floor. | D7: Should be zero or explained by infeasibility.
A8: Priority order | B8: Hard rules > staff integrity > 80% floor > 90% KPI > overage balance | C8: Used to interpret schedule quality. | D8: Do not improve overage balance by creating floor/KPI shortages.
A9: Fixed/nesting | B9: Disabled | C9: No fixed/nesting rows should be active. | D9: This production test uses 51 generic associates with no fixed/nesting lock.

Sheet Schedule
A1: Dynamic Schedule - V10 interval-aware optimized output | G1: Sun | H1: Mon | I1: Tue | J1: Wed | K1: Thu | L1: Fri | M1: Sat
A2: Slot | B2: Emp ID | C2: Email | D2: SF Name | E2: TL | F2: Language | G2: 46215 | H2: 46216 | I2: 46217 | J2: 46218 | K2: 46219 | L2: 46220 | M2: 46221 | N2: OFF | O2: Primary Shift | P2: Shift Types | Q2: Work Hours | R2: Rule Status
A3: 1 | D3: Associate 001 | F3: English
A4: 2 | D4: Associate 002 | F4: English
A5: 3 | D5: Associate 003 | F5: English
A6: 4 | D6: Associate 004 | F6: English
A7: 5 | D7: Associate 005 | F7: English
A8: 6 | D8: Associate 006 | F8: English
A9: 7 | D9: Associate 007 | F9: English
A10: 8 | D10: Associate 008 | F10: English
A11: 9 | D11: Associate 009 | F11: English
A12: 10 | D12: Associate 010 | F12: English
A13: 11 | D13: Associate 011 | F13: English
A14: 12 | D14: Associate 012 | F14: English
... A52: 50 | D52: Associate 050 | F52: English

Sheet FT Wise
B1: Required FTEs | K1: Staffed FTEs - Initial Schedule | AC1: Staffed FTEs After Shrinkage | AU1: Actual / Required % After Shrinkage | BD1: Interval Compliance Win After Shrinkage | BM1: Minimum 80% Check After Shrinkage | BV1: Hard Floor 70% Check After Shrinkage | CF1: Variance After Shrinkage (Actual - Required)
B2: Interval | C2: Sun | D2: Mon | E2: Tue | F2: Wed | G2: Thu | H2: Fri | I2: Sat | K2: Interval | L2: Sun | M2: Mon | N2: Tue | O2: Wed | P2: Thu | Q2: Fri | R2: Sat | AC2: Interval | AD2: Sun | AE2: Mon | AF2: Tue | AG2: Wed | AH2: Thu | AI2: Fri | AJ2: Sat | AU2: Interval | AV2: Sun | AW2: Mon | AX2: Tue | AY2: Wed | AZ2: Thu | BA2: Fri | BB2: Sat | BD2: Interval | BE2: Sun | BF2: Mon | BG2: Tue | BH2: Wed | BI2: Thu | BJ2: Fri | BK2: Sat | BM2: Interval | BN2: Sun | BO2: Mon | BP2: Tue | BQ2: Wed | BR2: Thu | BS2: Fri | BT2: Sat | BV2: Interval | BW2: Sun | BX2: Mon | BY2: Tue | BZ2: Wed | CA2: Thu | CB2: Fri | CC2: Sat | CF2: Interval | CG2: Sun | CH2: Mon | CI2: Tue | CJ2: Wed | CK2: Thu | CL2: Fri | CM2: Sat
B3: Interval | C3: 28-Jun | D3: 29-Jun | E3: 30-Jun | F3: 1-Jul | G3: 2-Jul | H3: 3-Jul | I3: 4-Jul | K3: Interval | L3: 28-Jun | M3: 29-Jun | N3: 30-Jun | O3: 1-Jul | P3: 2-Jul | Q3: 3-Jul | R3: 4-Jul | AC3: Interval | AD3: 28-Jun | AE3: 29-Jun | AF3: 30-Jun | AG3: 1-Jul | AH3: 2-Jul | AI3: 3-Jul | AJ3: 4-Jul | AU3: Interval | AV3: 28-Jun | AW3: 29-Jun | AX3: 30-Jun | AY3: 1-Jul | AZ3: 2-Jul | BA3: 3-Jul | BB3: 4-Jul | BD3: Interval | BE3: 28-Jun | BF3: 29-Jun | BG3: 30-Jun | BH3: 1-Jul | BI3: 2-Jul | BJ3: 3-Jul | BK3: 4-Jul | BM3: Interval | BN3: 28-Jun | BO3: 29-Jun | BP3: 30-Jun | BQ3: 1-Jul | BR3: 2-Jul | BS3: 3-Jul | BT3: 4-Jul | BV3: Interval | BW3: 28-Jun | BX3: 29-Jun | BY3: 30-Jun | BZ3: 1-Jul | CA3: 2-Jul | CB3: 3-Jul | CC3: 4-Jul | CF3: Interval | CG3: 28-Jun | CH3: 29-Jun | CI3: 30-Jun | CJ3: 1-Jul | CK3: 2-Jul | CL3: 3-Jul | CM3: 4-Jul
B4: 00:00 | K4: 00:00 | L4: =IF(C4="","",COUNTIFS('Scheduler Engine'!$N$2:$N$1751,1,'Scheduler Engine'!$L$2:$L$1751,"<="&((0)*24+VALUE(LEFT($K4,2))),'Scheduler Engine'!$M$2:$M$1751,">"&((0)*24+VALUE(LEFT($K4,2))))+COUNTIFS('Previous Engine'!$K$2:$K$251,1,'Previous Engine'!$H$2:$H$251,"<="&VALUE(LEFT($K4,2)),'Previous Engine'!$I$2:$I$251,">"&VALUE(LEFT($K4,2)))) | M4: =IF(D4="","",COUNTIFS('Scheduler Engine'!$N$2:$N$1751,1,'Scheduler Engine'!$L$2:$L$1751,"<="&((1)*24+VALUE(LEFT($K4,2))),'Scheduler Engine'!$M$2:$M$1751,">"&((1)*24+VALUE(LEFT($K4,2))))) | N4: =IF(E4="","",COUNTIFS('Scheduler Engine'!$N$2:$N$1751,1,'Scheduler Engine'!$L$2:$L$1751,"<="&((2)*24+VALUE(LEFT($K4,2))),'Scheduler Engine'!$M$2:$M$1751,">"&((2)*24+VALUE(LEFT($K4,2))))) | O4: =IF(F4="","",COUNTIFS('Scheduler Engine'!$N$2:$N$1751,1,'Scheduler Engine'!$L$2:$L$1751,"<="&((3)*24+VALUE(LEFT($K4,2))),'Scheduler Engine'!$M$2:$M$1751,">"&((3)*24+VALUE(LEFT($K4,2))))) | P4: =IF(G4="","",COUNTIFS('Scheduler Engine'!$N$2:$N$1751,1,'Scheduler Engine'!$L$2:$L$1751,"<="&((4)*24+VALUE(LEFT($K4,2))),'Scheduler Engine'!$M$2:$M$1751,">"&((4)*24+VALUE(LEFT($K4,2))))) | Q4: =IF(H4="","",COUNTIFS('Scheduler Engine'!$N$2:$N$1751,1,'Scheduler Engine'!$L$2:$L$1751,"<="&((5)*24+VALUE(LEFT($K4,2))),'Scheduler Engine'!$M$2:$M$1751,">"&((5)*24+VALUE(LEFT($K4,2))))) | R4: =IF(I4="","",COUNTIFS('Scheduler Engine'!$N$2:$N$1751,1,'Scheduler Engine'!$L$2:$L$1751,"<="&((6)*24+VALUE(LEFT($K4,2))),'Scheduler Engine'!$M$2:$M$1751,">"&((6)*24+VALUE(LEFT($K4,2))))) | AC4: 00:00 | AD4: =IF(C4="","",L4*(1-(IF(IFERROR(INDEX(Instructions!$B:$B,MATCH("Shrinkage Source",Instructions!$A:$A,0)),"Shrinkage Sheet")="Shrinkage Sheet",IFERROR(IF(Shrinkage!B4="-",IF(C4<IFERROR(INDEX(Instructions!$B:$B,MATCH("Shrinkage Threshold FTE",Instructions!$A:$A,0)),10),IFERROR(INDEX(Instructions!$B:$B,MATCH("Shrinkage Less Than 10 FTEs",Instructions!$A:$A,0)),20%),IFERROR(INDEX(Instructions!$B:$B,MATCH("Shrinkage 10 Or More FTEs",Instructions!$A:$A,0)),12%)),Shrinkage!B4),IF(C4<IFERROR(INDEX(Instructions!$B:$B,MATCH("Shrinkage Threshold FTE",Instructions!$A:$A,0)),10),IFERROR(INDEX(Instructions!$B:$B,MATCH("Shrinkage Less Than 10 FTEs",Instructions!$A:$A,0)),20%),IFERROR(INDEX(Instructions!$B:$B,MATCH("Shrinkage 10 Or More FTEs",Instructions!$A:$A,0)),12%))),IF(C4<IFERROR(INDEX(Instructions!$B:$B,MATCH("Shrinkage Threshold FTE",Instructions!$A:$A,0)),10),IFERROR(INDEX(Instructions!$B:$B,MATCH("Shrinkage Less Than 10 FTEs",Instructions!$A:$A,0)),20%),IFERROR(INDEX(Instructions!$B:$B,MATCH("Shrinkage 10 Or More FTEs",Instructions!$A:$A,0)),12%)))))) | AE4: =IF(D4="","",M4*(1-(IF(IFERROR(INDEX(Instructions!$B:$B,MATCH("Shrinkage Source",Instructions!$A:$A,0)),"Shrinkage Sheet")="Shrinkage Sheet",IFERROR(IF(Shrinkage!C4="-",IF(D4<IFERROR(INDEX(Instructions!$B:$B,MATCH("Shrinkage Threshold FTE",Instructions!$A:$A,0)),10),IFERROR(INDEX(Instructions!$B:$B,MATCH("Shrinkage Less Than 10 FTEs",Instructions!$A:$A,0)),20%),IFERROR(INDEX(Instructions!$B:$B,MATCH("Shrinkage 10 Or More FTEs",Instructions!$A:$A,0)),12%)),Shrinkage!C4),IF(D4<IFERROR(INDEX(Instructions!$B:$B,MATCH("Shrinkage Threshold FTE",Instructions!$A:$A,0)),10),IFERROR(INDEX(Instructions!$B:$B,MATCH("Shrinkage Less Than 10 FTEs",Instructions!$A:$A,0)),20%),IFERROR(INDEX(Instructions!$B:$B,MATCH("Shrinkage 10 Or More FTEs",Instructions!$A:$A,0)),12%))),IF(D4<IFERROR(INDEX(Instructions!$B:$B,MATCH("Shrinkage Threshold FTE",Instructions!$A:$A,0)),10),IFERROR(INDEX(Instructions!$B:$B,MATCH("Shrinkage Less Than 10 FTEs",Instructions!$A:$A,0)),20%),IFERROR(INDEX(Instructions!$B:$B,MATCH("Shrinkage 10 Or More FTEs",Instructions!$A:$A,0)),12%)))))) | AF4: =IF(E4="","",N4*(1-(IF(IFERROR(INDEX(Instructions!$B:$B,MATCH("Shrinkage Source",Instructions!$A:$A,0)),"Shrinkage Sheet")="Shrinkage Sheet",IFERROR(IF(Shrinkage!D4="-",IF(E4<IFERROR(INDEX(Instructions!$B:$B,MATCH("Shrinkage Threshold FTE",Instructions!$A:$A,0)),10),IFERROR(INDEX(Instructions!$B:$B,MATCH("Shrinkage Less Than 10 FTEs",Instructions!$A:$A,0)),20%),IFERROR(INDEX(Instructions!$B:$B,MATCH("Shrinkage 10 Or More FTEs",Instructions!$A:$A,0)),12%)),Shrinkage!D4),IF(E4<IFERROR(INDEX(Instructions!$B:$B,MATCH("Shrinkage Threshold FTE",Instructions!$A:$A,0)),10),IFERROR(INDEX(Instructions!$B:$B,MATCH("Shrinkage Less Than 10 FTEs",Instructions!$A:$A,0)),20%),IFERROR(INDEX(Instructions!$B:$B,MATCH("Shrinkage 10 Or More FTEs",Instructions!$A:$A,0)),12%))),IF(E4<IFERROR(INDEX(Instructions!$B:$B,MATCH("Shrinkage Threshold FTE",Instructions!$A:$A,0)),10),IFERROR(INDEX(Instructions!$B:$B,MATCH("Shrinkage Less Than 10 FTEs",Instructions!$A:$A,0)),20%),IFERROR(INDEX(Instructions!$B:$B,MATCH("Shrinkage 10 Or More FTEs",Instructions!$A:$A,0)),12%)))))) | AG4: =IF(F4="","",O4*(1-(IF(IFERROR(INDEX(Instructions!$B:$B,MATCH("Shrinkage Source",Instructions!$A:$A,0)),"Shrinkage Sheet")="Shrinkage Sheet",IFERROR(IF(Shrinkage!E4="-",IF(F4<IFERROR(INDEX(Instructions!$B:$B,MATCH("Shrinkage Threshold FTE",Instructions!$A:$A,0)),10),IFERROR(INDEX(Instructions!$B:$B,MATCH("Shrinkage Less Than 10 FTEs",Instructions!$A:$A,0)),20%),IFERROR(INDEX(Instructions!$B:$B,MATCH("Shrinkage 10 Or More FTEs",Instructions!$A:$A,0)),12%)),Shrinkage!E4),IF(F4<IFERROR(INDEX(Instructions!$B:$B,MATCH("Shrinkage Threshold FTE",Instructions!$A:$A,0)),10),IFERROR(INDEX(Instructions!$B:$B,MATCH("Shrinkage Less Than 10 FTEs",Instructions!$A:$A,0)),20%),IFERROR(INDEX(Instructions!$B:$B,MATCH("Shrinkage 10 Or More FTEs",Instructions!$A:$A,0)),12%))),IF(F4<IFERROR(INDEX(Instructions!$B:$B,MATCH("Shrinkage Threshold FTE",Instructions!$A:$A,0)),10),IFERROR(INDEX(Instructions!$B:$B,MATCH("Shrinkage Less Than 10 FTEs",Instructions!$A:$A,0)),20%),IFERROR(INDEX(Instructions!$B:$B,MATCH("Shrinkage 10 Or More FTEs",Instructions!$A:$A,0)),12%)))))) | AH4: =IF(G4="","",P4*(1-(IF(IFERROR(INDEX(Instructions!$B:$B,MATCH("Shrinkage Source",Instructions!$A:$A,0)),"Shrinkage Sheet")="Shrinkage Sheet",IFERROR(IF(Shrinkage!F4="-",IF(G4<IFERROR(INDEX(Instructions!$B:$B,MATCH("Shrinkage Threshold FTE",Instructions!$A:$A,0)),10),IFERROR(INDEX(Instructions!$B:$B,MATCH("Shrinkage Less Than 10 FTEs",Instructions!$A:$A,0)),20%),IFERROR(INDEX(Instructions!$B:$B,MATCH("Shrinkage 10 Or More FTEs",Instructions!$A:$A,0)),12%)),Shrinkage!F4),IF(G4<IFERROR(INDEX(Instructions!$B:$B,MATCH("Shrinkage Threshold FTE",Instructions!$A:$A,0)),10),IFERROR(INDEX(Instructions!$B:$B,MATCH("Shrinkage Less Than 10 FTEs",Instructions!$A:$A,0)),20%),IFERROR(INDEX(Instructions!$B:$B,MATCH("Shrinkage 10 Or More FTEs",Instructions!$A:$A,0)),12%))),IF(G4<IFERROR(INDEX(Instructions!$B:$B,MATCH("Shrinkage Threshold FTE",Instructions!$A:$A,0)),10),IFERROR(INDEX(Instructions!$B:$B,MATCH("Shrinkage Less Than 10 FTEs",Instructions!$A:$A,0)),20%),IFERROR(INDEX(Instructions!$B:$B,MATCH("Shrinkage 10 Or More FTEs",Instructions!$A:$A,0)),12%)))))) | AI4: =IF(H4="","",Q4*(1-(IF(IFERROR(INDEX(Instructions!$B:$B,MATCH("Shrinkage Source",Instructions!$A:$A,0)),"Shrinkage Sheet")="Shrinkage Sheet",IFERROR(IF(Shrinkage!G4="-",IF(H4<IFERROR(INDEX(Instructions!$B:$B,MATCH("Shrinkage Threshold FTE",Instructions!$A:$A,0)),10),IFERROR(INDEX(Instructions!$B:$B,MATCH("Shrinkage Less Than 10 FTEs",Instructions!$A:$A,0)),20%),IFERROR(INDEX(Instructions!$B:$B,MATCH("Shrinkage 10 Or More FTEs",Instructions!$A:$A,0)),12%)),Shrinkage!G4),IF(H4<IFERROR(INDEX(Instructions!$B:$B,MATCH("Shrinkage Threshold FTE",Instructions!$A:$A,0)),10),IFERROR(INDEX(Instructions!$B:$B,MATCH("Shrinkage Less Than 10 FTEs",Instructions!$A:$A,0)),20%),IFERROR(INDEX(Instructions!$B:$B,MATCH("Shrinkage 10 Or More FTEs",Instructions!$A:$A,0)),12%))),IF(H4<IFERROR(INDEX(Instructions!$B:$B,MATCH("Shrinkage Threshold FTE",Instructions!$A:$A,0)),10),IFERROR(INDEX(Instructions!$B:$B,MATCH("Shrinkage Less Than 10 FTEs",Instructions!$A:$A,0)),20%),IFERROR(INDEX(Instructions!$B:$B,MATCH("Shrinkage 10 Or More FTEs",Instructions!$A:$A,0)),12%)))))) | AJ4: =IF(I4="","",R4*(1-(IF(IFERROR(INDEX(Instructions!$B:$B,MATCH("Shrinkage Source",Instructions!$A:$A,0)),"Shrinkage Sheet")="Shrinkage Sheet",IFERROR(IF(Shrinkage!H4="-",IF(I4<IFERROR(INDEX(Instructions!$B:$B,MATCH("Shrinkage Threshold FTE",Instructions!$A:$A,0)),10),IFERROR(INDEX(Instructions!$B:$B,MATCH("Shrinkage Less Than 10 FTEs",Instructions!$A:$A,0)),20%),IFERROR(INDEX(Instructions!$B:$B,MATCH("Shrinkage 10 Or More FTEs",Instructions!$A:$A,0)),12%)),Shrinkage!H4),IF(I4<IFERROR(INDEX(Instructions!$B:$B,MATCH("Shrinkage Threshold FTE",Instructions!$A:$A,0)),10),IFERROR(INDEX(Instructions!$B:$B,MATCH("Shrinkage Less Than 10 FTEs",Instructions!$A:$A,0)),20%),IFERROR(INDEX(Instructions!$B:$B,MATCH("Shrinkage 10 Or More FTEs",Instructions!$A:$A,0)),12%))),IF(I4<IFERROR(INDEX(Instructions!$B:$B,MATCH("Shrinkage Threshold FTE",Instructions!$A:$A,0)),10),IFERROR(INDEX(Instructions!$B:$B,MATCH("Shrinkage Less Than 10 FTEs",Instructions!$A:$A,0)),20%),IFERROR(INDEX(Instructions!$B:$B,MATCH("Shrinkage 10 Or More FTEs",Instructions!$A:$A,0)),12%)))))) | AU4: 00:00 | AV4: =IFERROR(AD4/C4,"") | AW4: =IFERROR(AE4/D4,"") | AX4: =IFERROR(AF4/E4,"") | AY4: =IFERROR(AG4/F4,"") | AZ4: =IFERROR(AH4/G4,"") | BA4: =IFERROR(AI4/H4,"") | BB4: =IFERROR(AJ4/I4,"") | BD4: 00:00 | BE4: =IF(C4="","",IF(AV4>=Instructions!$B$15,1,0)) | BF4: =IF(D4="","",IF(AW4>=Instructions!$B$15,1,0)) | BG4: =IF(E4="","",IF(AX4>=Instructions!$B$15,1,0)) | BH4: =IF(F4="","",IF(AY4>=Instructions!$B$15,1,0)) | BI4: =IF(G4="","",IF(AZ4>=Instructions!$B$15,1,0)) | BJ4: =IF(H4="","",IF(BA4>=Instructions!$B$15,1,0)) | BK4: =IF(I4="","",IF(BB4>=Instructions!$B$15,1,0)) | BM4: 00:00 | BN4: =IF(C4="","",IF(AV4>=Instructions!$B$16,1,0)) | BO4: =IF(D4="","",IF(AW4>=Instructions!$B$16,1,0)) | BP4: =IF(E4="","",IF(AX4>=Instructions!$B$16,1,0)) | BQ4: =IF(F4="","",IF(AY4>=Instructions!$B$16,1,0)) | BR4: =IF(G4="","",IF(AZ4>=Instructions!$B$16,1,0)) | BS4: =IF(H4="","",IF(BA4>=Instructions!$B$16,1,0)) | BT4: =IF(I4="","",IF(BB4>=Instructions!$B$16,1,0)) | BV4: 00:00 | BW4: =IF(C4="","",IF(ROUND(AV4,6)>=ROUND(Instructions!$B$16-Instructions!$B$17,6),1,0)) | BX4: =IF(D4="","",IF(ROUND(AW4,6)>=ROUND(Instructions!$B$16-Instructions!$B$17,6),1,0)) | BY4: =IF(E4="","",IF(ROUND(AX4,6)>=ROUND(Instructions!$B$16-Instructions!$B$17,6),1,0)) | BZ4: =IF(F4="","",IF(ROUND(AY4,6)>=ROUND(Instructions!$B$16-Instructions!$B$17,6),1,0)) | CA4: =IF(G4="","",IF(ROUND(AZ4,6)>=ROUND(Instructions!$B$16-Instructions!$B$17,6),1,0)) | CB4: =IF(H4="","",IF(ROUND(BA4,6)>=ROUND(Instructions!$B$16-Instructions!$B$17,6),1,0)) | CC4: =IF(I4="","",IF(ROUND(BB4,6)>=ROUND(Instructions!$B$16-Instructions!$B$17,6),1,0)) | CF4: 00:00 | CG4: =IF(C4="","",AD4-C4) | CH4: =IF(D4="","",AE4-D4) | CI4: =IF(E4="","",AF4-E4) | CJ4: =IF(F4="","",AG4-F4) | CK4: =IF(G4="","",AH4-G4) | CL4: =IF(H4="","",AI4-H4) | CM4: =IF(I4="","",AJ4-I4)
B5: 01:00 | K5: 01:00 | L5: =IF(C5="","",COUNTIFS('Scheduler Engine'!$N$2:$N$1751,1,'Scheduler Engine'!$L$2:$L$1751,"<="&((0)*24+VALUE(LEFT($K5,2))),'Scheduler Engine'!$M$2:$M$1751,">"&((0)*24+VALUE(LEFT($K5,2))))+COUNTIFS('Previous Engine'!$K$2:$K$251,1,'Previous Engine'!$H$2:$H$251,"<="&VALUE(LEFT($K5,2)),'Previous Engine'!$I$2:$I$251,">"&VALUE(LEFT($K5,2)))) | M5: =IF(D5="","",COUNTIFS('Scheduler Engine'!$N$2:$N$1751,1,'Scheduler Engine'!$L$2:$L$1751,"<="&((1)*24+VALUE(LEFT($K5,2))),'Scheduler Engine'!$M$2:$M$1751,">"&((1)*24+VALUE(LEFT($K5,2))))) | N5: =IF(E5="","",COUNTIFS('Scheduler Engine'!$N$2:$N$1751,1,'Scheduler Engine'!$L$2:$L$1751,"<="&((2)*24+VALUE(LEFT($K5,2))),'Scheduler Engine'!$M$2:$M$1751,">"&((2)*24+VALUE(LEFT($K5,2))))) | O5: =IF(F5="","",COUNTIFS('Scheduler Engine'!$N$2:$N$1751,1,'Scheduler Engine'!$L$2:$L$1751,"<="&((3)*24+VALUE(LEFT($K5,2))),'Scheduler Engine'!$M$2:$M$1751,">"&((3)*24+VALUE(LEFT($K5,2))))) | P5: =IF(G5="","",COUNTIFS('Scheduler Engine'!$N$2:$N$1751,1,'Scheduler Engine'!$L$2:$L$1751,"<="&((4)*24+VALUE(LEFT($K5,2))),'Scheduler Engine'!$M$2:$M$1751,">"&((4)*24+VALUE(LEFT($K5,2))))) | Q5: =IF(H5="","",COUNTIFS('Scheduler Engine'!$N$2:$N$1751,1,'Scheduler Engine'!$L$2:$L$1751,"<="&((5)*24+VALUE(LEFT($K5,2))),'Scheduler Engine'!$M$2:$M$1751,">"&((5)*24+VALUE(LEFT($K5,2))))) | R5: =IF(I5="","",COUNTIFS('Scheduler Engine'!$N$2:$N$1751,1,'Scheduler Engine'!$L$2:$L$1751,"<="&((6)*24+VALUE(LEFT($K5,2))),'Scheduler Engine'!$M$2:$M$1751,">"&((6)*24+VALUE(LEFT($K5,2))))) | AC5: 01:00 | AD5: =IF(C5="","",L5*(1-(IF(IFERROR(INDEX(Instructions!$B:$B,MATCH("Shrinkage Source",Instructions!$A:$A,0)),"Shrinkage Sheet")="Shrinkage Sheet",IFERROR(IF(Shrinkage!B5="-",IF(C5<IFERROR(INDEX(Instructions!$B:$B,MATCH("Shrinkage Threshold FTE",Instructions!$A:$A,0)),10),IFERROR(INDEX(Instructions!$B:$B,MATCH("Shrinkage Less Than 10 FTEs",Instructions!$A:$A,0)),20%),IFERROR(INDEX(Instructions!$B:$B,MATCH("Shrinkage 10 Or More FTEs",Instructions!$A:$A,0)),12%)),Shrinkage!B5),IF(C5<IFERROR(INDEX(Instructions!$B:$B,MATCH("Shrinkage Threshold FTE",Instructions!$A:$A,0)),10),IFERROR(INDEX(Instructions!$B:$B,MATCH("Shrinkage Less Than 10 FTEs",Instructions!$A:$A,0)),20%),IFERROR(INDEX(Instructions!$B:$B,MATCH("Shrinkage 10 Or More FTEs",Instructions!$A:$A,0)),12%))),IF(C5<IFERROR(INDEX(Instructions!$B:$B,MATCH("Shrinkage Threshold FTE",Instructions!$A:$A,0)),10),IFERROR(INDEX(Instructions!$B:$B,MATCH("Shrinkage Less Than 10 FTEs",Instructions!$A:$A,0)),20%),IFERROR(INDEX(Instructions!$B:$B,MATCH("Shrinkage 10 Or More FTEs",Instructions!$A:$A,0)),12%)))))) | AE5: =IF(D5="","",M5*(1-(IF(IFERROR(INDEX(Instructions!$B:$B,MATCH("Shrinkage Source",Instructions!$A:$A,0)),"Shrinkage Sheet")="Shrinkage Sheet",IFERROR(IF(Shrinkage!C5="-",IF(D5<IFERROR(INDEX(Instructions!$B:$B,MATCH("Shrinkage Threshold FTE",Instructions!$A:$A,0)),10),IFERROR(INDEX(Instructions!$B:$B,MATCH("Shrinkage Less Than 10 FTEs",Instructions!$A:$A,0)),20%),IFERROR(INDEX(Instructions!$B:$B,MATCH("Shrinkage 10 Or More FTEs",Instructions!$A:$A,0)),12%)),Shrinkage!C5),IF(D5<IFERROR(INDEX(Instructions!$B:$B,MATCH("Shrinkage Threshold FTE",Instructions!$A:$A,0)),10),IFERROR(INDEX(Instructions!$B:$B,MATCH("Shrinkage Less Than 10 FTEs",Instructions!$A:$A,0)),20%),IFERROR(INDEX(Instructions!$B:$B,MATCH("Shrinkage 10 Or More FTEs",Instructions!$A:$A,0)),12%))),IF(D5<IFERROR(INDEX(Instructions!$B:$B,MATCH("Shrinkage Threshold FTE",Instructions!$A:$A,0)),10),IFERROR(INDEX(Instructions!$B:$B,MATCH("Shrinkage Less Than 10 FTEs",Instructions!$A:$A,0)),20%),IFERROR(INDEX(Instructions!$B:$B,MATCH("Shrinkage 10 Or More FTEs",Instructions!$A:$A,0)),12%)))))) | AF5: =IF(E5="","",N5*(1-(IF(IFERROR(INDEX(Instructions!$B:$B,MATCH("Shrinkage Source",Instructions!$A:$A,0)),"Shrinkage Sheet")="Shrinkage Sheet",IFERROR(IF(Shrinkage!D5="-",IF(E5<IFERROR(INDEX(Instructions!$B:$B,MATCH("Shrinkage Threshold FTE",Instructions!$A:$A,0)),10),IFERROR(INDEX(Instructions!$B:$B,MATCH("Shrinkage Less Than 10 FTEs",Instructions!$A:$A,0)),20%),IFERROR(INDEX(Instructions!$B:$B,MATCH("Shrinkage 10 Or More FTEs",Instructions!$A:$A,0)),12%)),Shrinkage!D5),IF(E5<IFERROR(INDEX(Instructions!$B:$B,MATCH("Shrinkage Threshold FTE",Instructions!$A:$A,0)),10),IFERROR(INDEX(Instructions!$B:$B,MATCH("Shrinkage Less Than 10 FTEs",Instructions!$A:$A,0)),20%),IFERROR(INDEX(Instructions!$B:$B,MATCH("Shrinkage 10 Or More FTEs",Instructions!$A:$A,0)),12%))),IF(E5<IFERROR(INDEX(Instructions!$B:$B,MATCH("Shrinkage Threshold FTE",Instructions!$A:$A,0)),10),IFERROR(INDEX(Instructions!$B:$B,MATCH("Shrinkage Less Than 10 FTEs",Instructions!$A:$A,0)),20%),IFERROR(INDEX(Instructions!$B:$B,MATCH("Shrinkage 10 Or More FTEs",Instructions!$A:$A,0)),12%)))))) | AG5: =IF(F5="","",O5*(1-(IF(IFERROR(INDEX(Instructions!$B:$B,MATCH("Shrinkage Source",Instructions!$A:$A,0)),"Shrinkage Sheet")="Shrinkage Sheet",IFERROR(IF(Shrinkage!E5="-",IF(F5<IFERROR(INDEX(Instructions!$B:$B,MATCH("Shrinkage Threshold FTE",Instructions!$A:$A,0)),10),IFERROR(INDEX(Instructions!$B:$B,MATCH("Shrinkage Less Than 10 FTEs",Instructions!$A:$A,0)),20%),IFERROR(INDEX(Instructions!$B:$B,MATCH("Shrinkage 10 Or More FTEs",Instructions!$A:$A,0)),12%)),Shrinkage!E5),IF(F5<IFERROR(INDEX(Instructions!$B:$B,MATCH("Shrinkage Threshold FTE",Instructions!$A:$A,0)),10),IFERROR(INDEX(Instructions!$B:$B,MATCH("Shrinkage Less Than 10 FTEs",Instructions!$A:$A,0)),20%),IFERROR(INDEX(Instructions!$B:$B,MATCH("Shrinkage 10 Or More FTEs",Instructions!$A:$A,0)),12%))),IF(F5<IFERROR(INDEX(Instructions!$B:$B,MATCH("Shrinkage Threshold FTE",Instructions!$A:$A,0)),10),IFERROR(INDEX(Instructions!$B:$B,MATCH("Shrinkage Less Than 10 FTEs",Instructions!$A:$A,0)),20%),IFERROR(INDEX(Instructions!$B:$B,MATCH("Shrinkage 10 Or More FTEs",Instructions!$A:$A,0)),12%)))))) | AH5: =IF(G5="","",P5*(1-(IF(IFERROR(INDEX(Instructions!$B:$B,MATCH("Shrinkage Source",Instructions!$A:$A,0)),"Shrinkage Sheet")="Shrinkage Sheet",IFERROR(IF(Shrinkage!F5="-",IF(G5<IFERROR(INDEX(Instructions!$B:$B,MATCH("Shrinkage Threshold FTE",Instructions!$A:$A,0)),10),IFERROR(INDEX(Instructions!$B:$B,MATCH("Shrinkage Less Than 10 FTEs",Instructions!$A:$A,0)),20%),IFERROR(INDEX(Instructions!$B:$B,MATCH("Shrinkage 10 Or More FTEs",Instructions!$A:$A,0)),12%)),Shrinkage!F5),IF(G5<IFERROR(INDEX(Instructions!$B:$B,MATCH("Shrinkage Threshold FTE",Instructions!$A:$A,0)),10),IFERROR(INDEX(Instructions!$B:$B,MATCH("Shrinkage Less Than 10 FTEs",Instructions!$A:$A,0)),20%),IFERROR(INDEX(Instructions!$B:$B,MATCH("Shrinkage 10 Or More FTEs",Instructions!$A:$A,0)),12%))),IF(G5<IFERROR(INDEX(Instructions!$B:$B,MATCH("Shrinkage Threshold FTE",Instructions!$A:$A,0)),10),IFERROR(INDEX(Instructions!$B:$B,MATCH("Shrinkage Less Than 10 FTEs",Instructions!$A:$A,0)),20%),IFERROR(INDEX(Instructions!$B:$B,MATCH("Shrinkage 10 Or More FTEs",Instructions!$A:$A,0)),12%)))))) | AI5: =IF(H5="","",Q5*(1-(IF(IFERROR(INDEX(Instructions!$B:$B,MATCH("Shrinkage Source",Instructions!$A:$A,0)),"Shrinkage Sheet")="Shrinkage Sheet",IFERROR(IF(Shrinkage!G5="-",IF(H5<IFERROR(INDEX(Instructions!$B:$B,MATCH("Shrinkage Threshold FTE",Instructions!$A:$A,0)),10),IFERROR(INDEX(Instructions!$B:$B,MATCH("Shrinkage Less Than 10 FTEs",Instructions!$A:$A,0)),20%),IFERROR(INDEX(Instructions!$B:$B,MATCH("Shrinkage 10 Or More FTEs",Instructions!$A:$A,0)),12%)),Shrinkage!G5),IF(H5<IFERROR(INDEX(Instructions!$B:$B,MATCH("Shrinkage Threshold FTE",Instructions!$A:$A,0)),10),IFERROR(INDEX(Instructions!$B:$B,MATCH("Shrinkage Less Than 10 FTEs",Instructions!$A:$A,0)),20%),IFERROR(INDEX(Instructions!$B:$B,MATCH("Shrinkage 10 Or More FTEs",Instructions!$A:$A,0)),12%))),IF(H5<IFERROR(INDEX(Instructions!$B:$B,MATCH("Shrinkage Threshold FTE",Instructions!$A:$A,0)),10),IFERROR(INDEX(Instructions!$B:$B,MATCH("Shrinkage Less Than 10 FTEs",Instructions!$A:$A,0)),20%),IFERROR(INDEX(Instructions!$B:$B,MATCH("Shrinkage 10 Or More FTEs",Instructions!$A:$A,0)),12%)))))) | AJ5: =IF(I5="","",R5*(1-(IF(IFERROR(INDEX(Instructions!$B:$B,MATCH("Shrinkage Source",Instructions!$A:$A,0)),"Shrinkage Sheet")="Shrinkage Sheet",IFERROR(IF(Shrinkage!H5="-",IF(I5<IFERROR(INDEX(Instructions!$B:$B,MATCH("Shrinkage Threshold FTE",Instructions!$A:$A,0)),10),IFERROR(INDEX(Instructions!$B:$B,MATCH("Shrinkage Less Than 10 FTEs",Instructions!$A:$A,0)),20%),IFERROR(INDEX(Instructions!$B:$B,MATCH("Shrinkage 10 Or More FTEs",Instructions!$A:$A,0)),12%)),Shrinkage!H5),IF(I5<IFERROR(INDEX(Instructions!$B:$B,MATCH("Shrinkage Threshold FTE",Instructions!$A:$A,0)),10),IFERROR(INDEX(Instructions!$B:$B,MATCH("Shrinkage Less Than 10 FTEs",Instructions!$A:$A,0)),20%),IFERROR(INDEX(Instructions!$B:$B,MATCH("Shrinkage 10 Or More FTEs",Instructions!$A:$A,0)),12%))),IF(I5<IFERROR(INDEX(Instructions!$B:$B,MATCH("Shrinkage Threshold FTE",Instructions!$A:$A,0)),10),IFERROR(INDEX(Instructions!$B:$B,MATCH("Shrinkage Less Than 10 FTEs",Instructions!$A:$A,0)),20%),IFERROR(INDEX(Instructions!$B:$B,MATCH("Shrinkage 10 Or More FTEs",Instructions!$A:$A,0)),12%)))))) | AU5: 01:00 | AV5: =IFERROR(AD5/C5,"") | AW5: =IFERROR(AE5/D5,"") | AX5: =IFERROR(AF5/E5,"") | AY5: =IFERROR(AG5/F5,"") | AZ5: =IFERROR(AH5/G5,"") | BA5: =IFERROR(AI5/H5,"") | BB5: =IFERROR(AJ5/I5,"") | BD5: 01:00 | BE5: =IF(C5="","",IF(AV5>=Instructions!$B$15,1,0)) | BF5: =IF(D5="","",IF(AW5>=Instructions!$B$15,1,0)) | BG5: =IF(E5="","",IF(AX5>=Instructions!$B$15,1,0)) | BH5: =IF(F5="","",IF(AY5>=Instructions!$B$15,1,0)) | BI5: =IF(G5="","",IF(AZ5>=Instructions!$B$15,1,0)) | BJ5: =IF(H5="","",IF(BA5>=Instructions!$B$15,1,0)) | BK5: =IF(I5="","",IF(BB5>=Instructions!$B$15,1,0)) | BM5: 01:00 | BN5: =IF(C5="","",IF(AV5>=Instructions!$B$16,1,0)) | BO5: =IF(D5="","",IF(AW5>=Instructions!$B$16,1,0)) | BP5: =IF(E5="","",IF(AX5>=Instructions!$B$16,1,0)) | BQ5: =IF(F5="","",IF(AY5>=Instructions!$B$16,1,0)) | BR5: =IF(G5="","",IF(AZ5>=Instructions!$B$16,1,0)) | BS5: =IF(H5="","",IF(BA5>=Instructions!$B$16,1,0)) | BT5: =IF(I5="","",IF(BB5>=Instructions!$B$16,1,0)) | BV5: 01:00 | BW5: =IF(C5="","",IF(ROUND(AV5,6)>=ROUND(Instructions!$B$16-Instructions!$B$17,6),1,0)) | BX5: =IF(D5="","",IF(ROUND(AW5,6)>=ROUND(Instructions!$B$16-Instructions!$B$17,6),1,0)) | BY5: =IF(E5="","",IF(ROUND(AX5,6)>=ROUND(Instructions!$B$16-Instructions!$B$17,6),1,0)) | BZ5: =IF(F5="","",IF(ROUND(AY5,6)>=ROUND(Instructions!$B$16-Instructions!$B$17,6),1,0)) | CA5: =IF(G5="","",IF(ROUND(AZ5,6)>=ROUND(Instructions!$B$16-Instructions!$B$17,6),1,0)) | CB5: =IF(H5="","",IF(ROUND(BA5,6)>=ROUND(Instructions!$B$16-Instructions!$B$17,6),1,0)) | CC5: =IF(I5="","",IF(ROUND(BB5,6)>=ROUND(Instructions!$B$16-Instructions!$B$17,6),1,0)) | CF5: 01:00 | CG5: =IF(C5="","",AD5-C5) | CH5: =IF(D5="","",AE5-D5) | CI5: =IF(E5="","",AF5-E5) | CJ5: =IF(F5="","",AG5-F5) | CK5: =IF(G5="","",AH5-G5) | CL5: =IF(H5="","",AI5-H5) | CM5: =IF(I5="","",AJ5-I5)
B6: 02:00 | K6: 02:00 | L6: =IF(C6="","",COUNTIFS('Scheduler Engine'!$N$2:$N$1751,1,'Scheduler Engine'!$L$2:$L$1751,"<="&((0)*24+VALUE(LEFT($K6,2))),'Scheduler Engine'!$M$2:$M$1751,">"&((0)*24+VALUE(LEFT($K6,2))))+COUNTIFS('Previous Engine'!$K$2:$K$251,1,'Previous Engine'!$H$2:$H$251,"<="&VALUE(LEFT($K6,2)),'Previous Engine'!$I$2:$I$251,">"&VALUE(LEFT($K6,2)))) | M6: =IF(D6="","",COUNTIFS('Scheduler Engine'!$N$2:$N$1751,1,'Scheduler Engine'!$L$2:$L$1751,"<="&((1)*24+VALUE(LEFT($K6,2))),'Scheduler Engine'!$M$2:$M$1751,">"&((1)*24+VALUE(LEFT($K6,2))))) | N6: =IF(E6="","",COUNTIFS('Scheduler Engine'!$N$2:$N$1751,1,'Scheduler Engine'!$L$2:$L$1751,"<="&((2)*24+VALUE(LEFT($K6,2))),'Scheduler Engine'!$M$2:$M$1751,">"&((2)*24+VALUE(LEFT($K6,2))))) | O6: =IF(F6="","",COUNTIFS('Scheduler Engine'!$N$2:$N$1751,1,'Scheduler Engine'!$L$2:$L$1751,"<="&((3)*24+VALUE(LEFT($K6,2))),'Scheduler Engine'!$M$2:$M$1751,">"&((3)*24+VALUE(LEFT($K6,2))))) | P6: =IF(G6="","",COUNTIFS('Scheduler Engine'!$N$2:$N$1751,1,'Scheduler Engine'!$L$2:$L$1751,"<="&((4)*24+VALUE(LEFT($K6,2))),'Scheduler Engine'!$M$2:$M$1751,">"&((4)*24+VALUE(LEFT($K6,2))))) | Q6: =IF(H6="","",COUNTIFS('Scheduler Engine'!$N$2:$N$1751,1,'Scheduler Engine'!$L$2:$L$1751,"<="&((5)*24+VALUE(LEFT($K6,2))),'Scheduler Engine'!$M$2:$M$1751,">"&((5)*24+VALUE(LEFT($K6,2))))) | R6: =IF(I6="","",COUNTIFS('Scheduler Engine'!$N$2:$N$1751,1,'Scheduler Engine'!$L$2:$L$1751,"<="&((6)*24+VALUE(LEFT($K6,2))),'Scheduler Engine'!$M$2:$M$1751,">"&((6)*24+VALUE(LEFT($K6,2))))) | AC6: 02:00 | AD6: =IF(C6="","",L6*(1-(IF(IFERROR(INDEX(Instructions!$B:$B,MATCH("Shrinkage Source",Instructions!$A:$A,0)),"Shrinkage Sheet")="Shrinkage Sheet",IFERROR(IF(Shrinkage!B6="-",IF(C6<IFERROR(INDEX(Instructions!$B:$B,MATCH("Shrinkage Threshold FTE",Instructions!$A:$A,0)),10),IFERROR(INDEX(Instructions!$B:$B,MATCH("Shrinkage Less Than 10 FTEs",Instructions!$A:$A,0)),20%),IFERROR(INDEX(Instructions!$B:$B,MATCH("Shrinkage 10 Or More FTEs",Instructions!$A:$A,0)),12%)),Shrinkage!B6),IF(C6<IFERROR(INDEX(Instructions!$B:$B,MATCH("Shrinkage Threshold FTE",Instructions!$A:$A,0)),10),IFERROR(INDEX(Instructions!$B:$B,MATCH("Shrinkage Less Than 10 FTEs",Instructions!$A:$A,0)),20%),IFERROR(INDEX(Instructions!$B:$B,MATCH("Shrinkage 10 Or More FTEs",Instructions!$A:$A,0)),12%))),IF(C6<IFERROR(INDEX(Instructions!$B:$B,MATCH("Shrinkage Threshold FTE",Instructions!$A:$A,0)),10),IFERROR(INDEX(Instructions!$B:$B,MATCH("Shrinkage Less Than 10 FTEs",Instructions!$A:$A,0)),20%),IFERROR(INDEX(Instructions!$B:$B,MATCH("Shrinkage 10 Or More FTEs",Instructions!$A:$A,0)),12%)))))) | AE6: =IF(D6="","",M6*(1-(IF(IFERROR(INDEX(Instructions!$B:$B,MATCH("Shrinkage Source",Instructions!$A:$A,0)),"Shrinkage Sheet")="Shrinkage Sheet",IFERROR(IF(Shrinkage!C6="-",IF(D6<IFERROR(INDEX(Instructions!$B:$B,MATCH("Shrinkage Threshold FTE",Instructions!$A:$A,0)),10),IFERROR(INDEX(Instructions!$B:$B,MATCH("Shrinkage Less Than 10 FTEs",Instructions!$A:$A,0)),20%),IFERROR(INDEX(Instructions!$B:$B,MATCH("Shrinkage 10 Or More FTEs",Instructions!$A:$A,0)),12%)),Shrinkage!C6),IF(D6<IFERROR(INDEX(Instructions!$B:$B,MATCH("Shrinkage Threshold FTE",Instructions!$A:$A,0)),10),IFERROR(INDEX(Instructions!$B:$B,MATCH("Shrinkage Less Than 10 FTEs",Instructions!$A:$A,0)),20%),IFERROR(INDEX(Instructions!$B:$B,MATCH("Shrinkage 10 Or More FTEs",Instructions!$A:$A,0)),12%))),IF(D6<IFERROR(INDEX(Instructions!$B:$B,MATCH("Shrinkage Threshold FTE",Instructions!$A:$A,0)),10),IFERROR(INDEX(Instructions!$B:$B,MATCH("Shrinkage Less Than 10 FTEs",Instructions!$A:$A,0)),20%),IFERROR(INDEX(Instructions!$B:$B,MATCH("Shrinkage 10 Or More FTEs",Instructions!$A:$A,0)),12%)))))) | AF6: =IF(E6="","",N6*(1-(IF(IFERROR(INDEX(Instructions!$B:$B,MATCH("Shrinkage Source",Instructions!$A:$A,0)),"Shrinkage Sheet")="Shrinkage Sheet",IFERROR(IF(Shrinkage!D6="-",IF(E6<IFERROR(INDEX(Instructions!$B:$B,MATCH("Shrinkage Threshold FTE",Instructions!$A:$A,0)),10),IFERROR(INDEX(Instructions!$B:$B,MATCH("Shrinkage Less Than 10 FTEs",Instructions!$A:$A,0)),20%),IFERROR(INDEX(Instructions!$B:$B,MATCH("Shrinkage 10 Or More FTEs",Instructions!$A:$A,0)),12%)),Shrinkage!D6),IF(E6<IFERROR(INDEX(Instructions!$B:$B,MATCH("Shrinkage Threshold FTE",Instructions!$A:$A,0)),10),IFERROR(INDEX(Instructions!$B:$B,MATCH("Shrinkage Less Than 10 FTEs",Instructions!$A:$A,0)),20%),IFERROR(INDEX(Instructions!$B:$B,MATCH("Shrinkage 10 Or More FTEs",Instructions!$A:$A,0)),12%))),IF(E6<IFERROR(INDEX(Instructions!$B:$B,MATCH("Shrinkage Threshold FTE",Instructions!$A:$A,0)),10),IFERROR(INDEX(Instructions!$B:$B,MATCH("Shrinkage Less Than 10 FTEs",Instructions!$A:$A,0)),20%),IFERROR(INDEX(Instructions!$B:$B,MATCH("Shrinkage 10 Or More FTEs",Instructions!$A:$A,0)),12%)))))) | AG6: =IF(F6="","",O6*(1-(IF(IFERROR(INDEX(Instructions!$B:$B,MATCH("Shrinkage Source",Instructions!$A:$A,0)),"Shrinkage Sheet")="Shrinkage Sheet",IFERROR(IF(Shrinkage!E6="-",IF(F6<IFERROR(INDEX(Instructions!$B:$B,MATCH("Shrinkage Threshold FTE",Instructions!$A:$A,0)),10),IFERROR(INDEX(Instructions!$B:$B,MATCH("Shrinkage Less Than 10 FTEs",Instructions!$A:$A,0)),20%),IFERROR(INDEX(Instructions!$B:$B,MATCH("Shrinkage 10 Or More FTEs",Instructions!$A:$A,0)),12%)),Shrinkage!E6),IF(F6<IFERROR(INDEX(Instructions!$B:$B,MATCH("Shrinkage Threshold FTE",Instructions!$A:$A,0)),10),IFERROR(INDEX(Instructions!$B:$B,MATCH("Shrinkage Less Than 10 FTEs",Instructions!$A:$A,0)),20%),IFERROR(INDEX(Instructions!$B:$B,MATCH("Shrinkage 10 Or More FTEs",Instructions!$A:$A,0)),12%))),IF(F6<IFERROR(INDEX(Instructions!$B:$B,MATCH("Shrinkage Threshold FTE",Instructions!$A:$A,0)),10),IFERROR(INDEX(Instructions!$B:$B,MATCH("Shrinkage Less Than 10 FTEs",Instructions!$A:$A,0)),20%),IFERROR(INDEX(Instructions!$B:$B,MATCH("Shrinkage 10 Or More FTEs",Instructions!$A:$A,0)),12%)))))) | AH6: =IF(G6="","",P6*(1-(IF(IFERROR(INDEX(Instructions!$B:$B,MATCH("Shrinkage Source",Instructions!$A:$A,0)),"Shrinkage Sheet")="Shrinkage Sheet",IFERROR(IF(Shrinkage!F6="-",IF(G6<IFERROR(INDEX(Instructions!$B:$B,MATCH("Shrinkage Threshold FTE",Instructions!$A:$A,0)),10),IFERROR(INDEX(Instructions!$B:$B,MATCH("Shrinkage Less Than 10 FTEs",Instructions!$A:$A,0)),20%),IFERROR(INDEX(Instructions!$B:$B,MATCH("Shrinkage 10 Or More FTEs",Instructions!$A:$A,0)),12%)),Shrinkage!F6),IF(G6<IFERROR(INDEX(Instructions!$B:$B,MATCH("Shrinkage Threshold FTE",Instructions!$A:$A,0)),10),IFERROR(INDEX(Instructions!$B:$B,MATCH("Shrinkage Less Than 10 FTEs",Instructions!$A:$A,0)),20%),IFERROR(INDEX(Instructions!$B:$B,MATCH("Shrinkage 10 Or More FTEs",Instructions!$A:$A,0)),12%))),IF(G6<IFERROR(INDEX(Instructions!$B:$B,MATCH("Shrinkage Threshold FTE",Instructions!$A:$A,0)),10),IFERROR(INDEX(Instructions!$B:$B,MATCH("Shrinkage Less Than 10 FTEs",Instructions!$A:$A,0)),20%),IFERROR(INDEX(Instructions!$B:$B,MATCH("Shrinkage 10 Or More FTEs",Instructions!$A:$A,0)),12%)))))) | AI6: =IF(H6="","",Q6*(1-(IF(IFERROR(INDEX(Instructions!$B:$B,MATCH("Shrinkage Source",Instructions!$A:$A,0)),"Shrinkage Sheet")="Shrinkage Sheet",IFERROR(IF(Shrinkage!G6="-",IF(H6<IFERROR(INDEX(Instructions!$B:$B,MATCH("Shrinkage Threshold FTE",Instructions!$A:$A,0)),10),IFERROR(INDEX(Instructions!$B:$B,MATCH("Shrinkage Less Than 10 FTEs",Instructions!$A:$A,0)),20%),IFERROR(INDEX(Instructions!$B:$B,MATCH("Shrinkage 10 Or More FTEs",Instructions!$A:$A,0)),12%)),Shrinkage!G6),IF(H6<IFERROR(INDEX(Instructions!$B:$B,MATCH("Shrinkage Threshold FTE",Instructions!$A:$A,0)),10),IFERROR(INDEX(Instructions!$B:$B,MATCH("Shrinkage Less Than 10 FTEs",Instructions!$A:$A,0)),20%),IFERROR(INDEX(Instructions!$B:$B,MATCH("Shrinkage 10 Or More FTEs",Instructions!$A:$A,0)),12%))),IF(H6<IFERROR(INDEX(Instructions!$B:$B,MATCH("Shrinkage Threshold FTE",Instructions!$A:$A,0)),10),IFERROR(INDEX(Instructions!$B:$B,MATCH("Shrinkage Less Than 10 FTEs",Instructions!$A:$A,0)),20%),IFERROR(INDEX(Instructions!$B:$B,MATCH("Shrinkage 10 Or More FTEs",Instructions!$A:$A,0)),12%)))))) | AJ6: =IF(I6="","",R6*(1-(IF(IFERROR(INDEX(Instructions!$B:$B,MATCH("Shrinkage Source",Instructions!$A:$A,0)),"Shrinkage Sheet")="Shrinkage Sheet",IFERROR(IF(Shrinkage!H6="-",IF(I6<IFERROR(INDEX(Instructions!$B:$B,MATCH("Shrinkage Threshold FTE",Instructions!$A:$A,0)),10),IFERROR(INDEX(Instructions!$B:$B,MATCH("Shrinkage Less Than 10 FTEs",Instructions!$A:$A,0)),20%),IFERROR(INDEX(Instructions!$B:$B,MATCH("Shrinkage 10 Or More FTEs",Instructions!$A:$A,0)),12%)),Shrinkage!H6),IF(I6<IFERROR(INDEX(Instructions!$B:$B,MATCH("Shrinkage Threshold FTE",Instructions!$A:$A,0)),10),IFERROR(INDEX(Instructions!$B:$B,MATCH("Shrinkage Less Than 10 FTEs",Instructions!$A:$A,0)),20%),IFERROR(INDEX(Instructions!$B:$B,MATCH("Shrinkage 10 Or More FTEs",Instructions!$A:$A,0)),12%))),IF(I6<IFERROR(INDEX(Instructions!$B:$B,MATCH("Shrinkage Threshold FTE",Instructions!$A:$A,0)),10),IFERROR(INDEX(Instructions!$B:$B,MATCH("Shrinkage Less Than 10 FTEs",Instructions!$A:$A,0)),20%),IFERROR(INDEX(Instructions!$B:$B,MATCH("Shrinkage 10 Or More FTEs",Instructions!$A:$A,0)),12%)))))) | AU6: 02:00 | AV6: =IFERROR(AD6/C6,"") | AW6: =IFERROR(AE6/D6,"") | AX6: =IFERROR(AF6/E6,"") | AY6: =IFERROR(AG6/F6,"") | AZ6: =IFERROR(AH6/G6,"") | BA6: =IFERROR(AI6/H6,"") | BB6: =IFERROR(AJ6/I6,"") | BD6: 02:00 | BE6: =IF(C6="","",IF(AV6>=Instructions!$B$15,1,0)) | BF6: =IF(D6="","",IF(AW6>=Instructions!$B$15,1,0)) | BG6: =IF(E6="","",IF(AX6>=Instructions!$B$15,1,0)) | BH6: =IF(F6="","",IF(AY6>=Instructions!$B$15,1,0)) | BI6: =IF(G6="","",IF(AZ6>=Instructions!$B$15,1,0)) | BJ6: =IF(H6="","",IF(BA6>=Instructions!$B$15,1,0)) | BK6: =IF(I6="","",IF(BB6>=Instructions!$B$15,1,0)) | BM6: 02:00 | BN6: =IF(C6="","",IF(AV6>=Instructions!$B$16,1,0)) | BO6: =IF(D6="","",IF(AW6>=Instructions!$B$16,1,0)) | BP6: =IF(E6="","",IF(AX6>=Instructions!$B$16,1,0)) | BQ6: =IF(F6="","",IF(AY6>=Instructions!$B$16,1,0)) | BR6: =IF(G6="","",IF(AZ6>=Instructions!$B$16,1,0)) | BS6: =IF(H6="","",IF(BA6>=Instructions!$B$16,1,0)) | BT6: =IF(I6="","",IF(BB6>=Instructions!$B$16,1,0)) | BV6: 02:00 | BW6: =IF(C6="","",IF(ROUND(AV6,6)>=ROUND(Instructions!$B$16-Instructions!$B$17,6),1,0)) | BX6: =IF(D6="","",IF(ROUND(AW6,6)>=ROUND(Instructions!$B$16-Instructions!$B$17,6),1,0)) | BY6: =IF(E6="","",IF(ROUND(AX6,6)>=ROUND(Instructions!$B$16-Instructions!$B$17,6),1,0)) | BZ6: =IF(F6="","",IF(ROUND(AY6,6)>=ROUND(Instructions!$B$16-Instructions!$B$17,6),1,0)) | CA6: =IF(G6="","",IF(ROUND(AZ6,6)>=ROUND(Instructions!$B$16-Instructions!$B$17,6),1,0)) | CB6: =IF(H6="","",IF(ROUND(BA6,6)>=ROUND(Instructions!$B$16-Instructions!$B$17,6),1,0)) | CC6: =IF(I6="","",IF(ROUND(BB6,6)>=ROUND(Instructions!$B$16-Instructions!$B$17,6),1,0)) | CF6: 02:00 | CG6: =IF(C6="","",AD6-C6) | CH6: =IF(D6="","",AE6-D6) | CI6: =IF(E6="","",AF6-E6) | CJ6: =IF(F6="","",AG6-F6) | CK6: =IF(G6="","",AH6-G6) | CL6: =IF(H6="","",AI6-H6) | CM6: =IF(I6="","",AJ6-I6)
B7: 03:00 | K7: 03:00 | L7: =IF(C7="","",COUNTIFS('Scheduler Engine'!$N$2:$N$1751,1,'Scheduler Engine'!$L$2:$L$1751,"<="&((0)*24+VALUE(LEFT($K7,2))),'Scheduler Engine'!$M$2:$M$1751,">"&((0)*24+VALUE(LEFT($K7,2))))+COUNTIFS('Previous Engine'!$K$2:$K$251,1,'Previous Engine'!$H$2:$H$251,"<="&VALUE(LEFT($K7,2)),'Previous Engine'!$I$2:$I$251,">"&VALUE(LEFT($K7,2)))) | M7: =IF(D7="","",COUNTIFS('Scheduler Engine'!$N$2:$N$1751,1,'Scheduler Engine'!$L$2:$L$1751,"<="&((1)*24+VALUE(LEFT($K7,2))),'Scheduler Engine'!$M$2:$M$1751,">"&((1)*24+VALUE(LEFT($K7,2))))) | N7: =IF(E7="","",COUNTIFS('Scheduler Engine'!$N$2:$N$1751,1,'Scheduler Engine'!$L$2:$L$1751,"<="&((2)*24+VALUE(LEFT($K7,2))),'Scheduler Engine'!$M$2:$M$1751,">"&((2)*24+VALUE(LEFT($K7,2))))) | O7: =IF(F7="","",COUNTIFS('Scheduler Engine'!$N$2:$N$1751,1,'Scheduler Engine'!$L$2:$L$1751,"<="&((3)*24+VALUE(LEFT($K7,2))),'Scheduler Engine'!$M$2:$M$1751,">"&((3)*24+VALUE(LEFT($K7,2))))) | P7: =IF(G7="","",COUNTIFS('Scheduler Engine'!$N$2:$N$1751,1,'Scheduler Engine'!$L$2:$L$1751,"<="&((4)*24+VALUE(LEFT($K7,2))),'Scheduler Engine'!$M$2:$M$1751,">"&((4)*24+VALUE(LEFT($K7,2))))) | Q7: =IF(H7="","",COUNTIFS('Scheduler Engine'!$N$2:$N$1751,1,'Scheduler Engine'!$L$2:$L$1751,"<="&((5)*24+VALUE(LEFT($K7,2))),'Scheduler Engine'!$M$2:$M$1751,">"&((5)*24+VALUE(LEFT($K7,2))))) | R7: =IF(I7="","",COUNTIFS('Scheduler Engine'!$N$2:$N$1751,1,'Scheduler Engine'!$L$2:$L$1751,"<="&((6)*24+VALUE(LEFT($K7,2))),'Scheduler Engine'!$M$2:$M$1751,">"&((6)*24+VALUE(LEFT($K7,2))))) | AC7: 03:00 | AD7: =IF(C7="","",L7*(1-(IF(IFERROR(INDEX(Instructions!$B:$B,MATCH("Shrinkage Source",Instructions!$A:$A,0)),"Shrinkage Sheet")="Shrinkage Sheet",IFERROR(IF(Shrinkage!B7="-",IF(C7<IFERROR(INDEX(Instructions!$B:$B,MATCH("Shrinkage Threshold FTE",Instructions!$A:$A,0)),10),IFERROR(INDEX(Instructions!$B:$B,MATCH("Shrinkage Less Than 10 FTEs",Instructions!$A:$A,0)),20%),IFERROR(INDEX(Instructions!$B:$B,MATCH("Shrinkage 10 Or More FTEs",Instructions!$A:$A,0)),12%)),Shrinkage!B7),IF(C7<IFERROR(INDEX(Instructions!$B:$B,MATCH("Shrinkage Threshold FTE",Instructions!$A:$A,0)),10),IFERROR(INDEX(Instructions!$B:$B,MATCH("Shrinkage Less Than 10 FTEs",Instructions!$A:$A,0)),20%),IFERROR(INDEX(Instructions!$B:$B,MATCH("Shrinkage 10 Or More FTEs",Instructions!$A:$A,0)),12%))),IF(C7<IFERROR(INDEX(Instructions!$B:$B,MATCH("Shrinkage Threshold FTE",Instructions!$A:$A,0)),10),IFERROR(INDEX(Instructions!$B:$B,MATCH("Shrinkage Less Than 10 FTEs",Instructions!$A:$A,0)),20%),IFERROR(INDEX(Instructions!$B:$B,MATCH("Shrinkage 10 Or More FTEs",Instructions!$A:$A,0)),12%)))))) | AE7: =IF(D7="","",M7*(1-(IF(IFERROR(INDEX(Instructions!$B:$B,MATCH("Shrinkage Source",Instructions!$A:$A,0)),"Shrinkage Sheet")="Shrinkage Sheet",IFERROR(IF(Shrinkage!C7="-",IF(D7<IFERROR(INDEX(Instructions!$B:$B,MATCH("Shrinkage Threshold FTE",Instructions!$A:$A,0)),10),IFERROR(INDEX(Instructions!$B:$B,MATCH("Shrinkage Less Than 10 FTEs",Instructions!$A:$A,0)),20%),IFERROR(INDEX(Instructions!$B:$B,MATCH("Shrinkage 10 Or More FTEs",Instructions!$A:$A,0)),12%)),Shrinkage!C7),IF(D7<IFERROR(INDEX(Instructions!$B:$B,MATCH("Shrinkage Threshold FTE",Instructions!$A:$A,0)),10),IFERROR(INDEX(Instructions!$B:$B,MATCH("Shrinkage Less Than 10 FTEs",Instructions!$A:$A,0)),20%),IFERROR(INDEX(Instructions!$B:$B,MATCH("Shrinkage 10 Or More FTEs",Instructions!$A:$A,0)),12%))),IF(D7<IFERROR(INDEX(Instructions!$B:$B,MATCH("Shrinkage Threshold FTE",Instructions!$A:$A,0)),10),IFERROR(INDEX(Instructions!$B:$B,MATCH("Shrinkage Less Than 10 FTEs",Instructions!$A:$A,0)),20%),IFERROR(INDEX(Instructions!$B:$B,MATCH("Shrinkage 10 Or More FTEs",Instructions!$A:$A,0)),12%)))))) | AF7: =IF(E7="","",N7*(1-(IF(IFERROR(INDEX(Instructions!$B:$B,MATCH("Shrinkage Source",Instructions!$A:$A,0)),"Shrinkage Sheet")="Shrinkage Sheet",IFERROR(IF(Shrinkage!D7="-",IF(E7<IFERROR(INDEX(Instructions!$B:$B,MATCH("Shrinkage Threshold FTE",Instructions!$A:$A,0)),10),IFERROR(INDEX(Instructions!$B:$B,MATCH("Shrinkage Less Than 10 FTEs",Instructions!$A:$A,0)),20%),IFERROR(INDEX(Instructions!$B:$B,MATCH("Shrinkage 10 Or More FTEs",Instructions!$A:$A,0)),12%)),Shrinkage!D7),IF(E7<IFERROR(INDEX(Instructions!$B:$B,MATCH("Shrinkage Threshold FTE",Instructions!$A:$A,0)),10),IFERROR(INDEX(Instructions!$B:$B,MATCH("Shrinkage Less Than 10 FTEs",Instructions!$A:$A,0)),20%),IFERROR(INDEX(Instructions!$B:$B,MATCH("Shrinkage 10 Or More FTEs",Instructions!$A:$A,0)),12%))),IF(E7<IFERROR(INDEX(Instructions!$B:$B,MATCH("Shrinkage Threshold FTE",Instructions!$A:$A,0)),10),IFERROR(INDEX(Instructions!$B:$B,MATCH("Shrinkage Less Than 10 FTEs",Instructions!$A:$A,0)),20%),IFERROR(INDEX(Instructions!$B:$B,MATCH("Shrinkage 10 Or More FTEs",Instructions!$A:$A,0)),12%)))))) | AG7: =IF(F7="","",O7*(1-(IF(IFERROR(INDEX(Instructions!$B:$B,MATCH("Shrinkage Source",Instructions!$A:$A,0)),"Shrinkage Sheet")="Shrinkage Sheet",IFERROR(IF(Shrinkage!E7="-",IF(F7<IFERROR(INDEX(Instructions!$B:$B,MATCH("Shrinkage Threshold FTE",Instructions!$A:$A,0)),10),IFERROR(INDEX(Instructions!$B:$B,MATCH("Shrinkage Less Than 10 FTEs",Instructions!$A:$A,0)),20%),IFERROR(INDEX(Instructions!$B:$B,MATCH("Shrinkage 10 Or More FTEs",Instructions!$A:$A,0)),12%)),Shrinkage!E7),IF(F7<IFERROR(INDEX(Instructions!$B:$B,MATCH("Shrinkage Threshold FTE",Instructions!$A:$A,0)),10),IFERROR(INDEX(Instructions!$B:$B,MATCH("Shrinkage Less Than 10 FTEs",Instructions!$A:$A,0)),20%),IFERROR(INDEX(Instructions!$B:$B,MATCH("Shrinkage 10 Or More FTEs",Instructions!$A:$A,0)),12%))),IF(F7<IFERROR(INDEX(Instructions!$B:$B,MATCH("Shrinkage Threshold FTE",Instructions!$A:$A,0)),10),IFERROR(INDEX(Instructions!$B:$B,MATCH("Shrinkage Less Than 10 FTEs",Instructions!$A:$A,0)),20%),IFERROR(INDEX(Instructions!$B:$B,MATCH("Shrinkage 10 Or More FTEs",Instructions!$A:$A,0)),12%)))))) | AH7: =IF(G7="","",P7*(1-(IF(IFERROR(INDEX(Instructions!$B:$B,MATCH("Shrinkage Source",Instructions!$A:$A,0)),"Shrinkage Sheet")="Shrinkage Sheet",IFERROR(IF(Shrinkage!F7="-",IF(G7<IFERROR(INDEX(Instructions!$B:$B,MATCH("Shrinkage Threshold FTE",Instructions!$A:$A,0)),10),IFERROR(INDEX(Instructions!$B:$B,MATCH("Shrinkage Less Than 10 FTEs",Instructions!$A:$A,0)),20%),IFERROR(INDEX(Instructions!$B:$B,MATCH("Shrinkage 10 Or More FTEs",Instructions!$A:$A,0)),12%)),Shrinkage!F7),IF(G7<IFERROR(INDEX(Instructions!$B:$B,MATCH("Shrinkage Threshold FTE",Instructions!$A:$A,0)),10),IFERROR(INDEX(Instructions!$B:$B,MATCH("Shrinkage Less Than 10 FTEs",Instructions!$A:$A,0)),20%),IFERROR(INDEX(Instructions!$B:$B,MATCH("Shrinkage 10 Or More FTEs",Instructions!$A:$A,0)),12%))),IF(G7<IFERROR(INDEX(Instructions!$B:$B,MATCH("Shrinkage Threshold FTE",Instructions!$A:$A,0)),10),IFERROR(INDEX(Instructions!$B:$B,MATCH("Shrinkage Less Than 10 FTEs",Instructions!$A:$A,0)),20%),IFERROR(INDEX(Instructions!$B:$B,MATCH("Shrinkage 10 Or More FTEs",Instructions!$A:$A,0)),12%)))))) | AI7: =IF(H7="","",Q7*(1-(IF(IFERROR(INDEX(Instructions!$B:$B,MATCH("Shrinkage Source",Instructions!$A:$A,0)),"Shrinkage Sheet")="Shrinkage Sheet",IFERROR(IF(Shrinkage!G7="-",IF(H7<IFERROR(INDEX(Instructions!$B:$B,MATCH("Shrinkage Threshold FTE",Instructions!$A:$A,0)),10),IFERROR(INDEX(Instructions!$B:$B,MATCH("Shrinkage Less Than 10 FTEs",Instructions!$A:$A,0)),20%),IFERROR(INDEX(Instructions!$B:$B,MATCH("Shrinkage 10 Or More FTEs",Instructions!$A:$A,0)),12%)),Shrinkage!G7),IF(H7<IFERROR(INDEX(Instructions!$B:$B,MATCH("Shrinkage Threshold FTE",Instructions!$A:$A,0)),10),IFERROR(INDEX(Instructions!$B:$B,MATCH("Shrinkage Less Than 10 FTEs",Instructions!$A:$A,0)),20%),IFERROR(INDEX(Instructions!$B:$B,MATCH("Shrinkage 10 Or More FTEs",Instructions!$A:$A,0)),12%))),IF(H7<IFERROR(INDEX(Instructions!$B:$B,MATCH("Shrinkage Threshold FTE",Instructions!$A:$A,0)),10),IFERROR(INDEX(Instructions!$B:$B,MATCH("Shrinkage Less Than 10 FTEs",Instructions!$A:$A,0)),20%),IFERROR(INDEX(Instructions!$B:$B,MATCH("Shrinkage 10 Or More FTEs",Instructions!$A:$A,0)),12%)))))) | AJ7: =IF(I7="","",R7*(1-(IF(IFERROR(INDEX(Instructions!$B:$B,MATCH("Shrinkage Source",Instructions!$A:$A,0)),"Shrinkage Sheet")="Shrinkage Sheet",IFERROR(IF(Shrinkage!H7="-",IF(I7<IFERROR(INDEX(Instructions!$B:$B,MATCH("Shrinkage Threshold FTE",Instructions!$A:$A,0)),10),IFERROR(INDEX(Instructions!$B:$B,MATCH("Shrinkage Less Than 10 FTEs",Instructions!$A:$A,0)),20%),IFERROR(INDEX(Instructions!$B:$B,MATCH("Shrinkage 10 Or More FTEs",Instructions!$A:$A,0)),12%)),Shrinkage!H7),IF(I7<IFERROR(INDEX(Instructions!$B:$B,MATCH("Shrinkage Threshold FTE",Instructions!$A:$A,0)),10),IFERROR(INDEX(Instructions!$B:$B,MATCH("Shrinkage Less Than 10 FTEs",Instructions!$A:$A,0)),20%),IFERROR(INDEX(Instructions!$B:$B,MATCH("Shrinkage 10 Or More FTEs",Instructions!$A:$A,0)),12%))),IF(I7<IFERROR(INDEX(Instructions!$B:$B,MATCH("Shrinkage Threshold FTE",Instructions!$A:$A,0)),10),IFERROR(INDEX(Instructions!$B:$B,MATCH("Shrinkage Less Than 10 FTEs",Instructions!$A:$A,0)),20%),IFERROR(INDEX(Instructions!$B:$B,MATCH("Shrinkage 10 Or More FTEs",Instructions!$A:$A,0)),12%)))))) | AU7: 03:00 | AV7: =IFERROR(AD7/C7,"") | AW7: =IFERROR(AE7/D7,"") | AX7: =IFERROR(AF7/E7,"") | AY7: =IFERROR(AG7/F7,"") | AZ7: =IFERROR(AH7/G7,"") | BA7: =IFERROR(AI7/H7,"") | BB7: =IFERROR(AJ7/I7,"") | BD7: 03:00 | BE7: =IF(C7="","",IF(AV7>=Instructions!$B$15,1,0)) | BF7: =IF(D7="","",IF(AW7>=Instructions!$B$15,1,0)) | BG7: =IF(E7="","",IF(AX7>=Instructions!$B$15,1,0)) | BH7: =IF(F7="","",IF(AY7>=Instructions!$B$15,1,0)) | BI7: =IF(G7="","",IF(AZ7>=Instructions!$B$15,1,0)) | BJ7: =IF(H7="","",IF(BA7>=Instructions!$B$15,1,0)) | BK7: =IF(I7="","",IF(BB7>=Instructions!$B$15,1,0)) | BM7: 03:00 | BN7: =IF(C7="","",IF(AV7>=Instructions!$B$16,1,0)) | BO7: =IF(D7="","",IF(AW7>=Instructions!$B$16,1,0)) | BP7: =IF(E7="","",IF(AX7>=Instructions!$B$16,1,0)) | BQ7: =IF(F7="","",IF(AY7>=Instructions!$B$16,1,0)) | BR7: =IF(G7="","",IF(AZ7>=Instructions!$B$16,1,0)) | BS7: =IF(H7="","",IF(BA7>=Instructions!$B$16,1,0)) | BT7: =IF(I7="","",IF(BB7>=Instructions!$B$16,1,0)) | BV7: 03:00 | BW7: =IF(C7="","",IF(ROUND(AV7,6)>=ROUND(Instructions!$B$16-Instructions!$B$17,6),1,0)) | BX7: =IF(D7="","",IF(ROUND(AW7,6)>=ROUND(Instructions!$B$16-Instructions!$B$17,6),1,0)) | BY7: =IF(E7="","",IF(ROUND(AX7,6)>=ROUND(Instructions!$B$16-Instructions!$B$17,6),1,0)) | BZ7: =IF(F7="","",IF(ROUND(AY7,6)>=ROUND(Instructions!$B$16-Instructions!$B$17,6),1,0)) | CA7: =IF(G7="","",IF(ROUND(AZ7,6)>=ROUND(Instructions!$B$16-Instructions!$B$17,6),1,0)) | CB7: =IF(H7="","",IF(ROUND(BA7,6)>=ROUND(Instructions!$B$16-Instructions!$B$17,6),1,0)) | CC7: =IF(I7="","",IF(ROUND(BB7,6)>=ROUND(Instructions!$B$16-Instructions!$B$17,6),1,0)) | CF7: 03:00 | CG7: =IF(C7="","",AD7-C7) | CH7: =IF(D7="","",AE7-D7) | CI7: =IF(E7="","",AF7-E7) | CJ7: =IF(F7="","",AG7-F7) | CK7: =IF(G7="","",AH7-G7) | CL7: =IF(H7="","",AI7-H7) | CM7: =IF(I7="","",AJ7-I7)
B8: 04:00 | K8: 04:00 | L8: =IF(C8="","",COUNTIFS('Scheduler Engine'!$N$2:$N$1751,1,'Scheduler Engine'!$L$2:$L$1751,"<="&((0)*24+VALUE(LEFT($K8,2))),'Scheduler Engine'!$M$2:$M$1751,">"&((0)*24+VALUE(LEFT($K8,2))))+COUNTIFS('Previous Engine'!$K$2:$K$251,1,'Previous Engine'!$H$2:$H$251,"<="&VALUE(LEFT($K8,2)),'Previous Engine'!$I$2:$I$251,">"&VALUE(LEFT($K8,2)))) | M8: =IF(D8="","",COUNTIFS('Scheduler Engine'!$N$2:$N$1751,1,'Scheduler Engine'!$L$2:$L$1751,"<="&((1)*24+VALUE(LEFT($K8,2))),'Scheduler Engine'!$M$2:$M$1751,">"&((1)*24+VALUE(LEFT($K8,2))))) | N8: =IF(E8="","",COUNTIFS('Scheduler Engine'!$N$2:$N$1751,1,'Scheduler Engine'!$L$2:$L$1751,"<="&((2)*24+VALUE(LEFT($K8,2))),'Scheduler Engine'!$M$2:$M$1751,">"&((2)*24+VALUE(LEFT($K8,2))))) | O8: =IF(F8="","",COUNTIFS('Scheduler Engine'!$N$2:$N$1751,1,'Scheduler Engine'!$L$2:$L$1751,"<="&((3)*24+VALUE(LEFT($K8,2))),'Scheduler Engine'!$M$2:$M$1751,">"&((3)*24+VALUE(LEFT($K8,2))))) | P8: =IF(G8="","",COUNTIFS('Scheduler Engine'!$N$2:$N$1751,1,'Scheduler Engine'!$L$2:$L$1751,"<="&((4)*24+VALUE(LEFT($K8,2))),'Scheduler Engine'!$M$2:$M$1751,">"&((4)*24+VALUE(LEFT($K8,2))))) | Q8: =IF(H8="","",COUNTIFS('Scheduler Engine'!$N$2:$N$1751,1,'Scheduler Engine'!$L$2:$L$1751,"<="&((5)*24+VALUE(LEFT($K8,2))),'Scheduler Engine'!$M$2:$M$1751,">"&((5)*24+VALUE(LEFT($K8,2))))) | R8: =IF(I8="","",COUNTIFS('Scheduler Engine'!$N$2:$N$1751,1,'Scheduler Engine'!$L$2:$L$1751,"<="&((6)*24+VALUE(LEFT($K8,2))),'Scheduler Engine'!$M$2:$M$1751,">"&((6)*24+VALUE(LEFT($K8,2))))) | AC8: 04:00 | AD8: =IF(C8="","",L8*(1-(IF(IFERROR(INDEX(Instructions!$B:$B,MATCH("Shrinkage Source",Instructions!$A:$A,0)),"Shrinkage Sheet")="Shrinkage Sheet",IFERROR(IF(Shrinkage!B8="-",IF(C8<IFERROR(INDEX(Instructions!$B:$B,MATCH("Shrinkage Threshold FTE",Instructions!$A:$A,0)),10),IFERROR(INDEX(Instructions!$B:$B,MATCH("Shrinkage Less Than 10 FTEs",Instructions!$A:$A,0)),20%),IFERROR(INDEX(Instructions!$B:$B,MATCH("Shrinkage 10 Or More FTEs",Instructions!$A:$A,0)),12%)),Shrinkage!B8),IF(C8<IFERROR(INDEX(Instructions!$B:$B,MATCH("Shrinkage Threshold FTE",Instructions!$A:$A,0)),10),IFERROR(INDEX(Instructions!$B:$B,MATCH("Shrinkage Less Than 10 FTEs",Instructions!$A:$A,0)),20%),IFERROR(INDEX(Instructions!$B:$B,MATCH("Shrinkage 10 Or More FTEs",Instructions!$A:$A,0)),12%))),IF(C8<IFERROR(INDEX(Instructions!$B:$B,MATCH("Shrinkage Threshold FTE",Instructions!$A:$A,0)),10),IFERROR(INDEX(Instructions!$B:$B,MATCH("Shrinkage Less Than 10 FTEs",Instructions!$A:$A,0)),20%),IFERROR(INDEX(Instructions!$B:$B,MATCH("Shrinkage 10 Or More FTEs",Instructions!$A:$A,0)),12%)))))) | AE8: =IF(D8="","",M8*(1-(IF(IFERROR(INDEX(Instructions!$B:$B,MATCH("Shrinkage Source",Instructions!$A:$A,0)),"Shrinkage Sheet")="Shrinkage Sheet",IFERROR(IF(Shrinkage!C8="-",IF(D8<IFERROR(INDEX(Instructions!$B:$B,MATCH("Shrinkage Threshold FTE",Instructions!$A:$A,0)),10),IFERROR(INDEX(Instructions!$B:$B,MATCH("Shrinkage Less Than 10 FTEs",Instructions!$A:$A,0)),20%),IFERROR(INDEX(Instructions!$B:$B,MATCH("Shrinkage 10 Or More FTEs",Instructions!$A:$A,0)),12%)),Shrinkage!C8),IF(D8<IFERROR(INDEX(Instructions!$B:$B,MATCH("Shrinkage Threshold FTE",Instructions!$A:$A,0)),10),IFERROR(INDEX(Instructions!$B:$B,MATCH("Shrinkage Less Than 10 FTEs",Instructions!$A:$A,0)),20%),IFERROR(INDEX(Instructions!$B:$B,MATCH("Shrinkage 10 Or More FTEs",Instructions!$A:$A,0)),12%))),IF(D8<IFERROR(INDEX(Instructions!$B:$B,MATCH("Shrinkage Threshold FTE",Instructions!$A:$A,0)),10),IFERROR(INDEX(Instructions!$B:$B,MATCH("Shrinkage Less Than 10 FTEs",Instructions!$A:$A,0)),20%),IFERROR(INDEX(Instructions!$B:$B,MATCH("Shrinkage 10 Or More FTEs",Instructions!$A:$A,0)),12%)))))) | AF8: =IF(E8="","",N8*(1-(IF(IFERROR(INDEX(Instructions!$B:$B,MATCH("Shrinkage Source",Instructions!$A:$A,0)),"Shrinkage Sheet")="Shrinkage Sheet",IFERROR(IF(Shrinkage!D8="-",IF(E8<IFERROR(INDEX(Instructions!$B:$B,MATCH("Shrinkage Threshold FTE",Instructions!$A:$A,0)),10),IFERROR(INDEX(Instructions!$B:$B,MATCH("Shrinkage Less Than 10 FTEs",Instructions!$A:$A,0)),20%),IFERROR(INDEX(Instructions!$B:$B,MATCH("Shrinkage 10 Or More FTEs",Instructions!$A:$A,0)),12%)),Shrinkage!D8),IF(E8<IFERROR(INDEX(Instructions!$B:$B,MATCH("Shrinkage Threshold FTE",Instructions!$A:$A,0)),10),IFERROR(INDEX(Instructions!$B:$B,MATCH("Shrinkage Less Than 10 FTEs",Instructions!$A:$A,0)),20%),IFERROR(INDEX(Instructions!$B:$B,MATCH("Shrinkage 10 Or More FTEs",Instructions!$A:$A,0)),12%))),IF(E8<IFERROR(INDEX(Instructions!$B:$B,MATCH("Shrinkage Threshold FTE",Instructions!$A:$A,0)),10),IFERROR(INDEX(Instructions!$B:$B,MATCH("Shrinkage Less Than 10 FTEs",Instructions!$A:$A,0)),20%),IFERROR(INDEX(Instructions!$B:$B,MATCH("Shrinkage 10 Or More FTEs",Instructions!$A:$A,0)),12%)))))) | AG8: =IF(F8="","",O8*(1-(IF(IFERROR(INDEX(Instructions!$B:$B,MATCH("Shrinkage Source",Instructions!$A:$A,0)),"Shrinkage Sheet")="Shrinkage Sheet",IFERROR(IF(Shrinkage!E8="-",IF(F8<IFERROR(INDEX(Instructions!$B:$B,MATCH("Shrinkage Threshold FTE",Instructions!$A:$A,0)),10),IFERROR(INDEX(Instructions!$B:$B,MATCH("Shrinkage Less Than 10 FTEs",Instructions!$A:$A,0)),20%),IFERROR(INDEX(Instructions!$B:$B,MATCH("Shrinkage 10 Or More FTEs",Instructions!$A:$A,0)),12%)),Shrinkage!E8),IF(F8<IFERROR(INDEX(Instructions!$B:$B,MATCH("Shrinkage Threshold FTE",Instructions!$A:$A,0)),10),IFERROR(INDEX(Instructions!$B:$B,MATCH("Shrinkage Less Than 10 FTEs",Instructions!$A:$A,0)),20%),IFERROR(INDEX(Instructions!$B:$B,MATCH("Shrinkage 10 Or More FTEs",Instructions!$A:$A,0)),12%))),IF(F8<IFERROR(INDEX(Instructions!$B:$B,MATCH("Shrinkage Threshold FTE",Instructions!$A:$A,0)),10),IFERROR(INDEX(Instructions!$B:$B,MATCH("Shrinkage Less Than 10 FTEs",Instructions!$A:$A,0)),20%),IFERROR(INDEX(Instructions!$B:$B,MATCH("Shrinkage 10 Or More FTEs",Instructions!$A:$A,0)),12%)))))) | AH8: =IF(G8="","",P8*(1-(IF(IFERROR(INDEX(Instructions!$B:$B,MATCH("Shrinkage Source",Instructions!$A:$A,0)),"Shrinkage Sheet")="Shrinkage Sheet",IFERROR(IF(Shrinkage!F8="-",IF(G8<IFERROR(INDEX(Instructions!$B:$B,MATCH("Shrinkage Threshold FTE",Instructions!$A:$A,0)),10),IFERROR(INDEX(Instructions!$B:$B,MATCH("Shrinkage Less Than 10 FTEs",Instructions!$A:$A,0)),20%),IFERROR(INDEX(Instructions!$B:$B,MATCH("Shrinkage 10 Or More FTEs",Instructions!$A:$A,0)),12%)),Shrinkage!F8),IF(G8<IFERROR(INDEX(Instructions!$B:$B,MATCH("Shrinkage Threshold FTE",Instructions!$A:$A,0)),10),IFERROR(INDEX(Instructions!$B:$B,MATCH("Shrinkage Less Than 10 FTEs",Instructions!$A:$A,0)),20%),IFERROR(INDEX(Instructions!$B:$B,MATCH("Shrinkage 10 Or More FTEs",Instructions!$A:$A,0)),12%))),IF(G8<IFERROR(INDEX(Instructions!$B:$B,MATCH("Shrinkage Threshold FTE",Instructions!$A:$A,0)),10),IFERROR(INDEX(Instructions!$B:$B,MATCH("Shrinkage Less Than 10 FTEs",Instructions!$A:$A,0)),20%),IFERROR(INDEX(Instructions!$B:$B,MATCH("Shrinkage 10 Or More FTEs",Instructions!$A:$A,0)),12%)))))) | AI8: =IF(H8="","",Q8*(1-(IF(IFERROR(INDEX(Instructions!$B:$B,MATCH("Shrinkage Source",Instructions!$A:$A,0)),"Shrinkage Sheet")="Shrinkage Sheet",IFERROR(IF(Shrinkage!G8="-",IF(H8<IFERROR(INDEX(Instructions!$B:$B,MATCH("Shrinkage Threshold FTE",Instructions!$A:$A,0)),10),IFERROR(INDEX(Instructions!$B:$B,MATCH("Shrinkage Less Than 10 FTEs",Instructions!$A:$A,0)),20%),IFERROR(INDEX(Instructions!$B:$B,MATCH("Shrinkage 10 Or More FTEs",Instructions!$A:$A,0)),12%)),Shrinkage!G8),IF(H8<IFERROR(INDEX(Instructions!$B:$B,MATCH("Shrinkage Threshold FTE",Instructions!$A:$A,0)),10),IFERROR(INDEX(Instructions!$B:$B,MATCH("Shrinkage Less Than 10 FTEs",Instructions!$A:$A,0)),20%),IFERROR(INDEX(Instructions!$B:$B,MATCH("Shrinkage 10 Or More FTEs",Instructions!$A:$A,0)),12%))),IF(H8<IFERROR(INDEX(Instructions!$B:$B,MATCH("Shrinkage Threshold FTE",Instructions!$A:$A,0)),10),IFERROR(INDEX(Instructions!$B:$B,MATCH("Shrinkage Less Than 10 FTEs",Instructions!$A:$A,0)),20%),IFERROR(INDEX(Instructions!$B:$B,MATCH("Shrinkage 10 Or More FTEs",Instructions!$A:$A,0)),12%)))))) | AJ8: =IF(I8="","",R8*(1-(IF(IFERROR(INDEX(Instructions!$B:$B,MATCH("Shrinkage Source",Instructions!$A:$A,0)),"Shrinkage Sheet")="Shrinkage Sheet",IFERROR(IF(Shrinkage!H8="-",IF(I8<IFERROR(INDEX(Instructions!$B:$B,MATCH("Shrinkage Threshold FTE",Instructions!$A:$A,0)),10),IFERROR(INDEX(Instructions!$B:$B,MATCH("Shrinkage Less Than 10 FTEs",Instructions!$A:$A,0)),20%),IFERROR(INDEX(Instructions!$B:$B,MATCH("Shrinkage 10 Or More FTEs",Instructions!$A:$A,0)),12%)),Shrinkage!H8),IF(I8<IFERROR(INDEX(Instructions!$B:$B,MATCH("Shrinkage Threshold FTE",Instructions!$A:$A,0)),10),IFERROR(INDEX(Instructions!$B:$B,MATCH("Shrinkage Less Than 10 FTEs",Instructions!$A:$A,0)),20%),IFERROR(INDEX(Instructions!$B:$B,MATCH("Shrinkage 10 Or More FTEs",Instructions!$A:$A,0)),12%))),IF(I8<IFERROR(INDEX(Instructions!$B:$B,MATCH("Shrinkage Threshold FTE",Instructions!$A:$A,0)),10),IFERROR(INDEX(Instructions!$B:$B,MATCH("Shrinkage Less Than 10 FTEs",Instructions!$A:$A,0)),20%),IFERROR(INDEX(Instructions!$B:$B,MATCH("Shrinkage 10 Or More FTEs",Instructions!$A:$A,0)),12%)))))) | AU8: 04:00 | AV8: =IFERROR(AD8/C8,"") | AW8: =IFERROR(AE8/D8,"") | AX8: =IFERROR(AF8/E8,"") | AY8: =IFERROR(AG8/F8,"") | AZ8: =IFERROR(AH8/G8,"") | BA8: =IFERROR(AI8/H8,"") | BB8: =IFERROR(AJ8/I8,"") | BD8: 04:00 | BE8: =IF(C8="","",IF(AV8>=Instructions!$B$15,1,0)) | BF8: =IF(D8="","",IF(AW8>=Instructions!$B$15,1,0)) | BG8: =IF(E8="","",IF(AX8>=Instructions!$B$15,1,0)) | BH8: =IF(F8="","",IF(AY8>=Instructions!$B$15,1,0)) | BI8: =IF(G8="","",IF(AZ8>=Instructions!$B$15,1,0)) | BJ8: =IF(H8="","",IF(BA8>=Instructions!$B$15,1,0)) | BK8: =IF(I8="","",IF(BB8>=Instructions!$B$15,1,0)) | BM8: 04:00 | BN8: =IF(C8="","",IF(AV8>=Instructions!$B$16,1,0)) | BO8: =IF(D8="","",IF(AW8>=Instructions!$B$16,1,0)) | BP8: =IF(E8="","",IF(AX8>=Instructions!$B$16,1,0)) | BQ8: =IF(F8="","",IF(AY8>=Instructions!$B$16,1,0)) | BR8: =IF(G8="","",IF(AZ8>=Instructions!$B$16,1,0)) | BS8: =IF(H8="","",IF(BA8>=Instructions!$B$16,1,0)) | BT8: =IF(I8="","",IF(BB8>=Instructions!$B$16,1,0)) | BV8: 04:00 | BW8: =IF(C8="","",IF(ROUND(AV8,6)>=ROUND(Instructions!$B$16-Instructions!$B$17,6),1,0)) | BX8: =IF(D8="","",IF(ROUND(AW8,6)>=ROUND(Instructions!$B$16-Instructions!$B$17,6),1,0)) | BY8: =IF(E8="","",IF(ROUND(AX8,6)>=ROUND(Instructions!$B$16-Instructions!$B$17,6),1,0)) | BZ8: =IF(F8="","",IF(ROUND(AY8,6)>=ROUND(Instructions!$B$16-Instructions!$B$17,6),1,0)) | CA8: =IF(G8="","",IF(ROUND(AZ8,6)>=ROUND(Instructions!$B$16-Instructions!$B$17,6),1,0)) | CB8: =IF(H8="","",IF(ROUND(BA8,6)>=ROUND(Instructions!$B$16-Instructions!$B$17,6),1,0)) | CC8: =IF(I8="","",IF(ROUND(BB8,6)>=ROUND(Instructions!$B$16-Instructions!$B$17,6),1,0)) | CF8: 04:00 | CG8: =IF(C8="","",AD8-C8) | CH8: =IF(D8="","",AE8-D8) | CI8: =IF(E8="","",AF8-E8) | CJ8: =IF(F8="","",AG8-F8) | CK8: =IF(G8="","",AH8-G8) | CL8: =IF(H8="","",AI8-H8) | CM8: =IF(I8="","",AJ8-I8)
B9: 05:00 | K9: 05:00 | L9: =IF(C9="","",COUNTIFS('Scheduler Engine'!$N$2:$N$1751,1,'Scheduler Engine'!$L$2:$L$1751,"<="&((0)*24+VALUE(LEFT($K9,2))),'Scheduler Engine'!$M$2:$M$1751,">"&((0)*24+VALUE(LEFT($K9,2))))+COUNTIFS('Previous Engine'!$K$2:$K$251,1,'Previous Engine'!$H$2:$H$251,"<="&VALUE(LEFT($K9,2)),'Previous Engine'!$I$2:$I$251,">"&VALUE(LEFT($K9,2)))) | M9: =IF(D9="","",COUNTIFS('Scheduler Engine'!$N$2:$N$1751,1,'Scheduler Engine'!$L$2:$L$1751,"<="&((1)*24+VALUE(LEFT($K9,2))),'Scheduler Engine'!$M$2:$M$1751,">"&((1)*24+VALUE(LEFT($K9,2))))) | N9: =IF(E9="","",COUNTIFS('Scheduler Engine'!$N$2:$N$1751,1,'Scheduler Engine'!$L$2:$L$1751,"<="&((2)*24+VALUE(LEFT($K9,2))),'Scheduler Engine'!$M$2:$M$1751,">"&((2)*24+VALUE(LEFT($K9,2))))) | O9: =IF(F9="","",COUNTIFS('Scheduler Engine'!$N$2:$N$1751,1,'Scheduler Engine'!$L$2:$L$1751,"<="&((3)*24+VALUE(LEFT($K9,2))),'Scheduler Engine'!$M$2:$M$1751,">"&((3)*24+VALUE(LEFT($K9,2))))) | P9: =IF(G9="","",COUNTIFS('Scheduler Engine'!$N$2:$N$1751,1,'Scheduler Engine'!$L$2:$L$1751,"<="&((4)*24+VALUE(LEFT($K9,2))),'Scheduler Engine'!$M$2:$M$1751,">"&((4)*24+VALUE(LEFT($K9,2))))) | Q9: =IF(H9="","",COUNTIFS('Scheduler Engine'!$N$2:$N$1751,1,'Scheduler Engine'!$L$2:$L$1751,"<="&((5)*24+VALUE(LEFT($K9,2))),'Scheduler Engine'!$M$2:$M$1751,">"&((5)*24+VALUE(LEFT($K9,2))))) | R9: =IF(I9="","",COUNTIFS('Scheduler Engine'!$N$2:$N$1751,1,'Scheduler Engine'!$L$2:$L$1751,"<="&((6)*24+VALUE(LEFT($K9,2))),'Scheduler Engine'!$M$2:$M$1751,">"&((6)*24+VALUE(LEFT($K9,2))))) | AC9: 05:00 | AD9: =IF(C9="","",L9*(1-(IF(IFERROR(INDEX(Instructions!$B:$B,MATCH("Shrinkage Source",Instructions!$A:$A,0)),"Shrinkage Sheet")="Shrinkage Sheet",IFERROR(IF(Shrinkage!B9="-",IF(C9<IFERROR(INDEX(Instructions!$B:$B,MATCH("Shrinkage Threshold FTE",Instructions!$A:$A,0)),10),IFERROR(INDEX(Instructions!$B:$B,MATCH("Shrinkage Less Than 10 FTEs",Instructions!$A:$A,0)),20%),IFERROR(INDEX(Instructions!$B:$B,MATCH("Shrinkage 10 Or More FTEs",Instructions!$A:$A,0)),12%)),Shrinkage!B9),IF(C9<IFERROR(INDEX(Instructions!$B:$B,MATCH("Shrinkage Threshold FTE",Instructions!$A:$A,0)),10),IFERROR(INDEX(Instructions!$B:$B,MATCH("Shrinkage Less Than 10 FTEs",Instructions!$A:$A,0)),20%),IFERROR(INDEX(Instructions!$B:$B,MATCH("Shrinkage 10 Or More FTEs",Instructions!$A:$A,0)),12%))),IF(C9<IFERROR(INDEX(Instructions!$B:$B,MATCH("Shrinkage Threshold FTE",Instructions!$A:$A,0)),10),IFERROR(INDEX(Instructions!$B:$B,MATCH("Shrinkage Less Than 10 FTEs",Instructions!$A:$A,0)),20%),IFERROR(INDEX(Instructions!$B:$B,MATCH("Shrinkage 10 Or More FTEs",Instructions!$A:$A,0)),12%)))))) | AE9: =IF(D9="","",M9*(1-(IF(IFERROR(INDEX(Instructions!$B:$B,MATCH("Shrinkage Source",Instructions!$A:$A,0)),"Shrinkage Sheet")="Shrinkage Sheet",IFERROR(IF(Shrinkage!C9="-",IF(D9<IFERROR(INDEX(Instructions!$B:$B,MATCH("Shrinkage Threshold FTE",Instructions!$A:$A,0)),10),IFERROR(INDEX(Instructions!$B:$B,MATCH("Shrinkage Less Than 10 FTEs",Instructions!$A:$A,0)),20%),IFERROR(INDEX(Instructions!$B:$B,MATCH("Shrinkage 10 Or More FTEs",Instructions!$A:$A,0)),12%)),Shrinkage!C9),IF(D9<IFERROR(INDEX(Instructions!$B:$B,MATCH("Shrinkage Threshold FTE",Instructions!$A:$A,0)),10),IFERROR(INDEX(Instructions!$B:$B,MATCH("Shrinkage Less Than 10 FTEs",Instructions!$A:$A,0)),20%),IFERROR(INDEX(Instructions!$B:$B,MATCH("Shrinkage 10 Or More FTEs",Instructions!$A:$A,0)),12%))),IF(D9<IFERROR(INDEX(Instructions!$B:$B,MATCH("Shrinkage Threshold FTE",Instructions!$A:$A,0)),10),IFERROR(INDEX(Instructions!$B:$B,MATCH("Shrinkage Less Than 10 FTEs",Instructions!$A:$A,0)),20%),IFERROR(INDEX(Instructions!$B:$B,MATCH("Shrinkage 10 Or More FTEs",Instructions!$A:$A,0)),12%)))))) | AF9: =IF(E9="","",N9*(1-(IF(IFERROR(INDEX(Instructions!$B:$B,MATCH("Shrinkage Source",Instructions!$A:$A,0)),"Shrinkage Sheet")="Shrinkage Sheet",IFERROR(IF(Shrinkage!D9="-",IF(E9<IFERROR(INDEX(Instructions!$B:$B,MATCH("Shrinkage Threshold FTE",Instructions!$A:$A,0)),10),IFERROR(INDEX(Instructions!$B:$B,MATCH("Shrinkage Less Than 10 FTEs",Instructions!$A:$A,0)),20%),IFERROR(INDEX(Instructions!$B:$B,MATCH("Shrinkage 10 Or More FTEs",Instructions!$A:$A,0)),12%)),Shrinkage!D9),IF(E9<IFERROR(INDEX(Instructions!$B:$B,MATCH("Shrinkage Threshold FTE",Instructions!$A:$A,0)),10),IFERROR(INDEX(Instructions!$B:$B,MATCH("Shrinkage Less Than 10 FTEs",Instructions!$A:$A,0)),20%),IFERROR(INDEX(Instructions!$B:$B,MATCH("Shrinkage 10 Or More FTEs",Instructions!$A:$A,0)),12%))),IF(E9<IFERROR(INDEX(Instructions!$B:$B,MATCH("Shrinkage Threshold FTE",Instructions!$A:$A,0)),10),IFERROR(INDEX(Instructions!$B:$B,MATCH("Shrinkage Less Than 10 FTEs",Instructions!$A:$A,0)),20%),IFERROR(INDEX(Instructions!$B:$B,MATCH("Shrinkage 10 Or More FTEs",Instructions!$A:$A,0)),12%)))))) | AG9: =IF(F9="","",O9*(1-(IF(IFERROR(INDEX(Instructions!$B:$B,MATCH("Shrinkage Source",Instructions!$A:$A,0)),"Shrinkage Sheet")="Shrinkage Sheet",IFERROR(IF(Shrinkage!E9="-",IF(F9<IFERROR(INDEX(Instructions!$B:$B,MATCH("Shrinkage Threshold FTE",Instructions!$A:$A,0)),10),IFERROR(INDEX(Instructions!$B:$B,MATCH("Shrinkage Less Than 10 FTEs",Instructions!$A:$A,0)),20%),IFERROR(INDEX(Instructions!$B:$B,MATCH("Shrinkage 10 Or More FTEs",Instructions!$A:$A,0)),12%)),Shrinkage!E9),IF(F9<IFERROR(INDEX(Instructions!$B:$B,MATCH("Shrinkage Threshold FTE",Instructions!$A:$A,0)),10),IFERROR(INDEX(Instructions!$B:$B,MATCH("Shrinkage Less Than 10 FTEs",Instructions!$A:$A,0)),20%),IFERROR(INDEX(Instructions!$B:$B,MATCH("Shrinkage 10 Or More FTEs",Instructions!$A:$A,0)),12%))),IF(F9<IFERROR(INDEX(Instructions!$B:$B,MATCH("Shrinkage Threshold FTE",Instructions!$A:$A,0)),10),IFERROR(INDEX(Instructions!$B:$B,MATCH("Shrinkage Less Than 10 FTEs",Instructions!$A:$A,0)),20%),IFERROR(INDEX(Instructions!$B:$B,MATCH("Shrinkage 10 Or More FTEs",Instructions!$A:$A,0)),12%)))))) | AH9: =IF(G9="","",P9*(1-(IF(IFERROR(INDEX(Instructions!$B:$B,MATCH("Shrinkage Source",Instructions!$A:$A,0)),"Shrinkage Sheet")="Shrinkage Sheet",IFERROR(IF(Shrinkage!F9="-",IF(G9<IFERROR(INDEX(Instructions!$B:$B,MATCH("Shrinkage Threshold FTE",Instructions!$A:$A,0)),10),IFERROR(INDEX(Instructions!$B:$B,MATCH("Shrinkage Less Than 10 FTEs",Instructions!$A:$A,0)),20%),IFERROR(INDEX(Instructions!$B:$B,MATCH("Shrinkage 10 Or More FTEs",Instructions!$A:$A,0)),12%)),Shrinkage!F9),IF(G9<IFERROR(INDEX(Instructions!$B:$B,MATCH("Shrinkage Threshold FTE",Instructions!$A:$A,0)),10),IFERROR(INDEX(Instructions!$B:$B,MATCH("Shrinkage Less Than 10 FTEs",Instructions!$A:$A,0)),20%),IFERROR(INDEX(Instructions!$B:$B,MATCH("Shrinkage 10 Or More FTEs",Instructions!$A:$A,0)),12%))),IF(G9<IFERROR(INDEX(Instructions!$B:$B,MATCH("Shrinkage Threshold FTE",Instructions!$A:$A,0)),10),IFERROR(INDEX(Instructions!$B:$B,MATCH("Shrinkage Less Than 10 FTEs",Instructions!$A:$A,0)),20%),IFERROR(INDEX(Instructions!$B:$B,MATCH("Shrinkage 10 Or More FTEs",Instructions!$A:$A,0)),12%)))))) | AI9: =IF(H9="","",Q9*(1-(IF(IFERROR(INDEX(Instructions!$B:$B,MATCH("Shrinkage Source",Instructions!$A:$A,0)),"Shrinkage Sheet")="Shrinkage Sheet",IFERROR(IF(Shrinkage!G9="-",IF(H9<IFERROR(INDEX(Instructions!$B:$B,MATCH("Shrinkage Threshold FTE",Instructions!$A:$A,0)),10),IFERROR(INDEX(Instructions!$B:$B,MATCH("Shrinkage Less Than 10 FTEs",Instructions!$A:$A,0)),20%),IFERROR(INDEX(Instructions!$B:$B,MATCH("Shrinkage 10 Or More FTEs",Instructions!$A:$A,0)),12%)),Shrinkage!G9),IF(H9<IFERROR(INDEX(Instructions!$B:$B,MATCH("Shrinkage Threshold FTE",Instructions!$A:$A,0)),10),IFERROR(INDEX(Instructions!$B:$B,MATCH("Shrinkage Less Than 10 FTEs",Instructions!$A:$A,0)),20%),IFERROR(INDEX(Instructions!$B:$B,MATCH("Shrinkage 10 Or More FTEs",Instructions!$A:$A,0)),12%))),IF(H9<IFERROR(INDEX(Instructions!$B:$B,MATCH("Shrinkage Threshold FTE",Instructions!$A:$A,0)),10),IFERROR(INDEX(Instructions!$B:$B,MATCH("Shrinkage Less Than 10 FTEs",Instructions!$A:$A,0)),20%),IFERROR(INDEX(Instructions!$B:$B,MATCH("Shrinkage 10 Or More FTEs",Instructions!$A:$A,0)),12%)))))) | AJ9: =IF(I9="","",R9*(1-(IF(IFERROR(INDEX(Instructions!$B:$B,MATCH("Shrinkage Source",Instructions!$A:$A,0)),"Shrinkage Sheet")="Shrinkage Sheet",IFERROR(IF(Shrinkage!H9="-",IF(I9<IFERROR(INDEX(Instructions!$B:$B,MATCH("Shrinkage Threshold FTE",Instructions!$A:$A,0)),10),IFERROR(INDEX(Instructions!$B:$B,MATCH("Shrinkage Less Than 10 FTEs",Instructions!$A:$A,0)),20%),IFERROR(INDEX(Instructions!$B:$B,MATCH("Shrinkage 10 Or More FTEs",Instructions!$A:$A,0)),12%)),Shrinkage!H9),IF(I9<IFERROR(INDEX(Instructions!$B:$B,MATCH("Shrinkage Threshold FTE",Instructions!$A:$A,0)),10),IFERROR(INDEX(Instructions!$B:$B,MATCH("Shrinkage Less Than 10 FTEs",Instructions!$A:$A,0)),20%),IFERROR(INDEX(Instructions!$B:$B,MATCH("Shrinkage 10 Or More FTEs",Instructions!$A:$A,0)),12%))),IF(I9<IFERROR(INDEX(Instructions!$B:$B,MATCH("Shrinkage Threshold FTE",Instructions!$A:$A,0)),10),IFERROR(INDEX(Instructions!$B:$B,MATCH("Shrinkage Less Than 10 FTEs",Instructions!$A:$A,0)),20%),IFERROR(INDEX(Instructions!$B:$B,MATCH("Shrinkage 10 Or More FTEs",Instructions!$A:$A,0)),12%)))))) | AU9: 05:00 | AV9: =IFERROR(AD9/C9,"") | AW9: =IFERROR(AE9/D9,"") | AX9: =IFERROR(AF9/E9,"") | AY9: =IFERROR(AG9/F9,"") | AZ9: =IFERROR(AH9/G9,"") | BA9: =IFERROR(AI9/H9,"") | BB9: =IFERROR(AJ9/I9,"") | BD9: 05:00 | BE9: =IF(C9="","",IF(AV9>=Instructions!$B$15,1,0)) | BF9: =IF(D9="","",IF(AW9>=Instructions!$B$15,1,0)) | BG9: =IF(E9="","",IF(AX9>=Instructions!$B$15,1,0)) | BH9: =IF(F9="","",IF(AY9>=Instructions!$B$15,1,0)) | BI9: =IF(G9="","",IF(AZ9>=Instructions!$B$15,1,0)) | BJ9: =IF(H9="","",IF(BA9>=Instructions!$B$15,1,0)) | BK9: =IF(I9="","",IF(BB9>=Instructions!$B$15,1,0)) | BM9: 05:00 | BN9: =IF(C9="","",IF(AV9>=Instructions!$B$16,1,0)) | BO9: =IF(D9="","",IF(AW9>=Instructions!$B$16,1,0)) | BP9: =IF(E9="","",IF(AX9>=Instructions!$B$16,1,0)) | BQ9: =IF(F9="","",IF(AY9>=Instructions!$B$16,1,0)) | BR9: =IF(G9="","",IF(AZ9>=Instructions!$B$16,1,0)) | BS9: =IF(H9="","",IF(BA9>=Instructions!$B$16,1,0)) | BT9: =IF(I9="","",IF(BB9>=Instructions!$B$16,1,0)) | BV9: 05:00 | BW9: =IF(C9="","",IF(ROUND(AV9,6)>=ROUND(Instructions!$B$16-Instructions!$B$17,6),1,0)) | BX9: =IF(D9="","",IF(ROUND(AW9,6)>=ROUND(Instructions!$B$16-Instructions!$B$17,6),1,0)) | BY9: =IF(E9="","",IF(ROUND(AX9,6)>=ROUND(Instructions!$B$16-Instructions!$B$17,6),1,0)) | BZ9: =IF(F9="","",IF(ROUND(AY9,6)>=ROUND(Instructions!$B$16-Instructions!$B$17,6),1,0)) | CA9: =IF(G9="","",IF(ROUND(AZ9,6)>=ROUND(Instructions!$B$16-Instructions!$B$17,6),1,0)) | CB9: =IF(H9="","",IF(ROUND(BA9,6)>=ROUND(Instructions!$B$16-Instructions!$B$17,6),1,0)) | CC9: =IF(I9="","",IF(ROUND(BB9,6)>=ROUND(Instructions!$B$16-Instructions!$B$17,6),1,0)) | CF9: 05:00 | CG9: =IF(C9="","",AD9-C9) | CH9: =IF(D9="","",AE9-D9) | CI9: =IF(E9="","",AF9-E9) | CJ9: =IF(F9="","",AG9-F9) | CK9: =IF(G9="","",AH9-G9) | CL9: =IF(H9="","",AI9-H9) | CM9: =IF(I9="","",AJ9-I9)
B10: 06:00 | K10: 06:00 | L10: =IF(C10="","",COUNTIFS('Scheduler Engine'!$N$2:$N$1751,1,'Scheduler Engine'!$L$2:$L$1751,"<="&((0)*24+VALUE(LEFT($K10,2))),'Scheduler Engine'!$M$2:$M$1751,">"&((0)*24+VALUE(LEFT($K10,2))))+COUNTIFS('Previous Engine'!$K$2:$K$251,1,'Previous Engine'!$H$2:$H$251,"<="&VALUE(LEFT($K10,2)),'Previous Engine'!$I$2:$I$251,">"&VALUE(LEFT($K10,2)))) | M10: =IF(D10="","",COUNTIFS('Scheduler Engine'!$N$2:$N$1751,1,'Scheduler Engine'!$L$2:$L$1751,"<="&((1)*24+VALUE(LEFT($K10,2))),'Scheduler Engine'!$M$2:$M$1751,">"&((1)*24+VALUE(LEFT($K10,2))))) | N10: =IF(E10="","",COUNTIFS('Scheduler Engine'!$N$2:$N$1751,1,'Scheduler Engine'!$L$2:$L$1751,"<="&((2)*24+VALUE(LEFT($K10,2))),'Scheduler Engine'!$M$2:$M$1751,">"&((2)*24+VALUE(LEFT($K10,2))))) | O10: =IF(F10="","",COUNTIFS('Scheduler Engine'!$N$2:$N$1751,1,'Scheduler Engine'!$L$2:$L$1751,"<="&((3)*24+VALUE(LEFT($K10,2))),'Scheduler Engine'!$M$2:$M$1751,">"&((3)*24+VALUE(LEFT($K10,2))))) | P10: =IF(G10="","",COUNTIFS('Scheduler Engine'!$N$2:$N$1751,1,'Scheduler Engine'!$L$2:$L$1751,"<="&((4)*24+VALUE(LEFT($K10,2))),'Scheduler Engine'!$M$2:$M$1751,">"&((4)*24+VALUE(LEFT($K10,2))))) | Q10: =IF(H10="","",COUNTIFS('Scheduler Engine'!$N$2:$N$1751,1,'Scheduler Engine'!$L$2:$L$1751,"<="&((5)*24+VALUE(LEFT($K10,2))),'Scheduler Engine'!$M$2:$M$1751,">"&((5)*24+VALUE(LEFT($K10,2))))) | R10: =IF(I10="","",COUNTIFS('Scheduler Engine'!$N$2:$N$1751,1,'Scheduler Engine'!$L$2:$L$1751,"<="&((6)*24+VALUE(LEFT($K10,2))),'Scheduler Engine'!$M$2:$M$1751,">"&((6)*24+VALUE(LEFT($K10,2))))) | AC10: 06:00 | AD10: =IF(C10="","",L10*(1-(IF(IFERROR(INDEX(Instructions!$B:$B,MATCH("Shrinkage Source",Instructions!$A:$A,0)),"Shrinkage Sheet")="Shrinkage Sheet",IFERROR(IF(Shrinkage!B10="-",IF(C10<IFERROR(INDEX(Instructions!$B:$B,MATCH("Shrinkage Threshold FTE",Instructions!$A:$A,0)),10),IFERROR(INDEX(Instructions!$B:$B,MATCH("Shrinkage Less Than 10 FTEs",Instructions!$A:$A,0)),20%),IFERROR(INDEX(Instructions!$B:$B,MATCH("Shrinkage 10 Or More FTEs",Instructions!$A:$A,0)),12%)),Shrinkage!B10),IF(C10<IFERROR(INDEX(Instructions!$B:$B,MATCH("Shrinkage Threshold FTE",Instructions!$A:$A,0)),10),IFERROR(INDEX(Instructions!$B:$B,MATCH("Shrinkage Less Than 10 FTEs",Instructions!$A:$A,0)),20%),IFERROR(INDEX(Instructions!$B:$B,MATCH("Shrinkage 10 Or More FTEs",Instructions!$A:$A,0)),12%))),IF(C10<IFERROR(INDEX(Instructions!$B:$B,MATCH("Shrinkage Threshold FTE",Instructions!$A:$A,0)),10),IFERROR(INDEX(Instructions!$B:$B,MATCH("Shrinkage Less Than 10 FTEs",Instructions!$A:$A,0)),20%),IFERROR(INDEX(Instructions!$B:$B,MATCH("Shrinkage 10 Or More FTEs",Instructions!$A:$A,0)),12%)))))) | AE10: =IF(D10="","",M10*(1-(IF(IFERROR(INDEX(Instructions!$B:$B,MATCH("Shrinkage Source",Instructions!$A:$A,0)),"Shrinkage Sheet")="Shrinkage Sheet",IFERROR(IF(Shrinkage!C10="-",IF(D10<IFERROR(INDEX(Instructions!$B:$B,MATCH("Shrinkage Threshold FTE",Instructions!$A:$A,0)),10),IFERROR(INDEX(Instructions!$B:$B,MATCH("Shrinkage Less Than 10 FTEs",Instructions!$A:$A,0)),20%),IFERROR(INDEX(Instructions!$B:$B,MATCH("Shrinkage 10 Or More FTEs",Instructions!$A:$A,0)),12%)),Shrinkage!C10),IF(D10<IFERROR(INDEX(Instructions!$B:$B,MATCH("Shrinkage Threshold FTE",Instructions!$A:$A,0)),10),IFERROR(INDEX(Instructions!$B:$B,MATCH("Shrinkage Less Than 10 FTEs",Instructions!$A:$A,0)),20%),IFERROR(INDEX(Instructions!$B:$B,MATCH("Shrinkage 10 Or More FTEs",Instructions!$A:$A,0)),12%))),IF(D10<IFERROR(INDEX(Instructions!$B:$B,MATCH("Shrinkage Threshold FTE",Instructions!$A:$A,0)),10),IFERROR(INDEX(Instructions!$B:$B,MATCH("Shrinkage Less Than 10 FTEs",Instructions!$A:$A,0)),20%),IFERROR(INDEX(Instructions!$B:$B,MATCH("Shrinkage 10 Or More FTEs",Instructions!$A:$A,0)),12%)))))) | AF10: =IF(E10="","",N10*(1-(IF(IFERROR(INDEX(Instructions!$B:$B,MATCH("Shrinkage Source",Instructions!$A:$A,0)),"Shrinkage Sheet")="Shrinkage Sheet",IFERROR(IF(Shrinkage!D10="-",IF(E10<IFERROR(INDEX(Instructions!$B:$B,MATCH("Shrinkage Threshold FTE",Instructions!$A:$A,0)),10),IFERROR(INDEX(Instructions!$B:$B,MATCH("Shrinkage Less Than 10 FTEs",Instructions!$A:$A,0)),20%),IFERROR(INDEX(Instructions!$B:$B,MATCH("Shrinkage 10 Or More FTEs",Instructions!$A:$A,0)),12%)),Shrinkage!D10),IF(E10<IFERROR(INDEX(Instructions!$B:$B,MATCH("Shrinkage Threshold FTE",Instructions!$A:$A,0)),10),IFERROR(INDEX(Instructions!$B:$B,MATCH("Shrinkage Less Than 10 FTEs",Instructions!$A:$A,0)),20%),IFERROR(INDEX(Instructions!$B:$B,MATCH("Shrinkage 10 Or More FTEs",Instructions!$A:$A,0)),12%))),IF(E10<IFERROR(INDEX(Instructions!$B:$B,MATCH("Shrinkage Threshold FTE",Instructions!$A:$A,0)),10),IFERROR(INDEX(Instructions!$B:$B,MATCH("Shrinkage Less Than 10 FTEs",Instructions!$A:$A,0)),20%),IFERROR(INDEX(Instructions!$B:$B,MATCH("Shrinkage 10 Or More FTEs",Instructions!$A:$A,0)),12%)))))) | AG10: =IF(F10="","",O10*(1-(IF(IFERROR(INDEX(Instructions!$B:$B,MATCH("Shrinkage Source",Instructions!$A:$A,0)),"Shrinkage Sheet")="Shrinkage Sheet",IFERROR(IF(Shrinkage!E10="-",IF(F10<IFERROR(INDEX(Instructions!$B:$B,MATCH("Shrinkage Threshold FTE",Instructions!$A:$A,0)),10),IFERROR(INDEX(Instructions!$B:$B,MATCH("Shrinkage Less Than 10 FTEs",Instructions!$A:$A,0)),20%),IFERROR(INDEX(Instructions!$B:$B,MATCH("Shrinkage 10 Or More FTEs",Instructions!$A:$A,0)),12%)),Shrinkage!E10),IF(F10<IFERROR(INDEX(Instructions!$B:$B,MATCH("Shrinkage Threshold FTE",Instructions!$A:$A,0)),10),IFERROR(INDEX(Instructions!$B:$B,MATCH("Shrinkage Less Than 10 FTEs",Instructions!$A:$A,0)),20%),IFERROR(INDEX(Instructions!$B:$B,MATCH("Shrinkage 10 Or More FTEs",Instructions!$A:$A,0)),12%))),IF(F10<IFERROR(INDEX(Instructions!$B:$B,MATCH("Shrinkage Threshold FTE",Instructions!$A:$A,0)),10),IFERROR(INDEX(Instructions!$B:$B,MATCH("Shrinkage Less Than 10 FTEs",Instructions!$A:$A,0)),20%),IFERROR(INDEX(Instructions!$B:$B,MATCH("Shrinkage 10 Or More FTEs",Instructions!$A:$A,0)),12%)))))) | AH10: =IF(G10="","",P10*(1-(IF(IFERROR(INDEX(Instructions!$B:$B,MATCH("Shrinkage Source",Instructions!$A:$A,0)),"Shrinkage Sheet")="Shrinkage Sheet",IFERROR(IF(Shrinkage!F10="-",IF(G10<IFERROR(INDEX(Instructions!$B:$B,MATCH("Shrinkage Threshold FTE",Instructions!$A:$A,0)),10),IFERROR(INDEX(Instructions!$B:$B,MATCH("Shrinkage Less Than 10 FTEs",Instructions!$A:$A,0)),20%),IFERROR(INDEX(Instructions!$B:$B,MATCH("Shrinkage 10 Or More FTEs",Instructions!$A:$A,0)),12%)),Shrinkage!F10),IF(G10<IFERROR(INDEX(Instructions!$B:$B,MATCH("Shrinkage Threshold FTE",Instructions!$A:$A,0)),10),IFERROR(INDEX(Instructions!$B:$B,MATCH("Shrinkage Less Than 10 FTEs",Instructions!$A:$A,0)),20%),IFERROR(INDEX(Instructions!$B:$B,MATCH("Shrinkage 10 Or More FTEs",Instructions!$A:$A,0)),12%))),IF(G10<IFERROR(INDEX(Instructions!$B:$B,MATCH("Shrinkage Threshold FTE",Instructions!$A:$A,0)),10),IFERROR(INDEX(Instructions!$B:$B,MATCH("Shrinkage Less Than 10 FTEs",Instructions!$A:$A,0)),20%),IFERROR(INDEX(Instructions!$B:$B,MATCH("Shrinkage 10 Or More FTEs",Instructions!$A:$A,0)),12%)))))) | AI10: =IF(H10="","",Q10*(1-(IF(IFERROR(INDEX(Instructions!$B:$B,MATCH("Shrinkage Source",Instructions!$A:$A,0)),"Shrinkage Sheet")="Shrinkage Sheet",IFERROR(IF(Shrinkage!G10="-",IF(H10<IFERROR(INDEX(Instructions!$B:$B,MATCH("Shrinkage Threshold FTE",Instructions!$A:$A,0)),10),IFERROR(INDEX(Instructions!$B:$B,MATCH("Shrinkage Less Than 10 FTEs",Instructions!$A:$A,0)),20%),IFERROR(INDEX(Instructions!$B:$B,MATCH("Shrinkage 10 Or More FTEs",Instructions!$A:$A,0)),12%)),Shrinkage!G10),IF(H10<IFERROR(INDEX(Instructions!$B:$B,MATCH("Shrinkage Threshold FTE",Instructions!$A:$A,0)),10),IFERROR(INDEX(Instructions!$B:$B,MATCH("Shrinkage Less Than 10 FTEs",Instructions!$A:$A,0)),20%),IFERROR(INDEX(Instructions!$B:$B,MATCH("Shrinkage 10 Or More FTEs",Instructions!$A:$A,0)),12%))),IF(H10<IFERROR(INDEX(Instructions!$B:$B,MATCH("Shrinkage Threshold FTE",Instructions!$A:$A,0)),10),IFERROR(INDEX(Instructions!$B:$B,MATCH("Shrinkage Less Than 10 FTEs",Instructions!$A:$A,0)),20%),IFERROR(INDEX(Instructions!$B:$B,MATCH("Shrinkage 10 Or More FTEs",Instructions!$A:$A,0)),12%)))))) | AJ10: =IF(I10="","",R10*(1-(IF(IFERROR(INDEX(Instructions!$B:$B,MATCH("Shrinkage Source",Instructions!$A:$A,0)),"Shrinkage Sheet")="Shrinkage Sheet",IFERROR(IF(Shrinkage!H10="-",IF(I10<IFERROR(INDEX(Instructions!$B:$B,MATCH("Shrinkage Threshold FTE",Instructions!$A:$A,0)),10),IFERROR(INDEX(Instructions!$B:$B,MATCH("Shrinkage Less Than 10 FTEs",Instructions!$A:$A,0)),20%),IFERROR(INDEX(Instructions!$B:$B,MATCH("Shrinkage 10 Or More FTEs",Instructions!$A:$A,0)),12%)),Shrinkage!H10),IF(I10<IFERROR(INDEX(Instructions!$B:$B,MATCH("Shrinkage Threshold FTE",Instructions!$A:$A,0)),10),IFERROR(INDEX(Instructions!$B:$B,MATCH("Shrinkage Less Than 10 FTEs",Instructions!$A:$A,0)),20%),IFERROR(INDEX(Instructions!$B:$B,MATCH("Shrinkage 10 Or More FTEs",Instructions!$A:$A,0)),12%))),IF(I10<IFERROR(INDEX(Instructions!$B:$B,MATCH("Shrinkage Threshold FTE",Instructions!$A:$A,0)),10),IFERROR(INDEX(Instructions!$B:$B,MATCH("Shrinkage Less Than 10 FTEs",Instructions!$A:$A,0)),20%),IFERROR(INDEX(Instructions!$B:$B,MATCH("Shrinkage 10 Or More FTEs",Instructions!$A:$A,0)),12%)))))) | AU10: 06:00 | AV10: =IFERROR(AD10/C10,"") | AW10: =IFERROR(AE10/D10,"") | AX10: =IFERROR(AF10/E10,"") | AY10: =IFERROR(AG10/F10,"") | AZ10: =IFERROR(AH10/G10,"") | BA10: =IFERROR(AI10/H10,"") | BB10: =IFERROR(AJ10/I10,"") | BD10: 06:00 | BE10: =IF(C10="","",IF(AV10>=Instructions!$B$15,1,0)) | BF10: =IF(D10="","",IF(AW10>=Instructions!$B$15,1,0)) | BG10: =IF(E10="","",IF(AX10>=Instructions!$B$15,1,0)) | BH10: =IF(F10="","",IF(AY10>=Instructions!$B$15,1,0)) | BI10: =IF(G10="","",IF(AZ10>=Instructions!$B$15,1,0)) | BJ10: =IF(H10="","",IF(BA10>=Instructions!$B$15,1,0)) | BK10: =IF(I10="","",IF(BB10>=Instructions!$B$15,1,0)) | BM10: 06:00 | BN10: =IF(C10="","",IF(AV10>=Instructions!$B$16,1,0)) | BO10: =IF(D10="","",IF(AW10>=Instructions!$B$16,1,0)) | BP10: =IF(E10="","",IF(AX10>=Instructions!$B$16,1,0)) | BQ10: =IF(F10="","",IF(AY10>=Instructions!$B$16,1,0)) | BR10: =IF(G10="","",IF(AZ10>=Instructions!$B$16,1,0)) | BS10: =IF(H10="","",IF(BA10>=Instructions!$B$16,1,0)) | BT10: =IF(I10="","",IF(BB10>=Instructions!$B$16,1,0)) | BV10: 06:00 | BW10: =IF(C10="","",IF(ROUND(AV10,6)>=ROUND(Instructions!$B$16-Instructions!$B$17,6),1,0)) | BX10: =IF(D10="","",IF(ROUND(AW10,6)>=ROUND(Instructions!$B$16-Instructions!$B$17,6),1,0)) | BY10: =IF(E10="","",IF(ROUND(AX10,6)>=ROUND(Instructions!$B$16-Instructions!$B$17,6),1,0)) | BZ10: =IF(F10="","",IF(ROUND(AY10,6)>=ROUND(Instructions!$B$16-Instructions!$B$17,6),1,0)) | CA10: =IF(G10="","",IF(ROUND(AZ10,6)>=ROUND(Instructions!$B$16-Instructions!$B$17,6),1,0)) | CB10: =IF(H10="","",IF(ROUND(BA10,6)>=ROUND(Instructions!$B$16-Instructions!$B$17,6),1,0)) | CC10: =IF(I10="","",IF(ROUND(BB10,6)>=ROUND(Instructions!$B$16-Instructions!$B$17,6),1,0)) | CF10: 06:00 | CG10: =IF(C10="","",AD10-C10) | CH10: =IF(D10="","",AE10-D10) | CI10: =IF(E10="","",AF10-E10) | CJ10: =IF(F10="","",AG10-F10) | CK10: =IF(G10="","",AH10-G10) | CL10: =IF(H10="","",AI10-H10) | CM10: =IF(I10="","",AJ10-I10)
B11: 07:00 | K11: 07:00 | L11: =IF(C11="","",COUNTIFS('Scheduler Engine'!$N$2:$N$1751,1,'Scheduler Engine'!$L$2:$L$1751,"<="&((0)*24+VALUE(LEFT($K11,2))),'Scheduler Engine'!$M$2:$M$1751,">"&((0)*24+VALUE(LEFT($K11,2))))+COUNTIFS('Previous Engine'!$K$2:$K$251,1,'Previous Engine'!$H$2:$H$251,"<="&VALUE(LEFT($K11,2)),'Previous Engine'!$I$2:$I$251,">"&VALUE(LEFT($K11,2)))) | M11: =IF(D11="","",COUNTIFS('Scheduler Engine'!$N$2:$N$1751,1,'Scheduler Engine'!$L$2:$L$1751,"<="&((1)*24+VALUE(LEFT($K11,2))),'Scheduler Engine'!$M$2:$M$1751,">"&((1)*24+VALUE(LEFT($K11,2))))) | N11: =IF(E11="","",COUNTIFS('Scheduler Engine'!$N$2:$N$1751,1,'Scheduler Engine'!$L$2:$L$1751,"<="&((2)*24+VALUE(LEFT($K11,2))),'Scheduler Engine'!$M$2:$M$1751,">"&((2)*24+VALUE(LEFT($K11,2))))) | O11: =IF(F11="","",COUNTIFS('Scheduler Engine'!$N$2:$N$1751,1,'Scheduler Engine'!$L$2:$L$1751,"<="&((3)*24+VALUE(LEFT($K11,2))),'Scheduler Engine'!$M$2:$M$1751,">"&((3)*24+VALUE(LEFT($K11,2))))) | P11: =IF(G11="","",COUNTIFS('Scheduler Engine'!$N$2:$N$1751,1,'Scheduler Engine'!$L$2:$L$1751,"<="&((4)*24+VALUE(LEFT($K11,2))),'Scheduler Engine'!$M$2:$M$1751,">"&((4)*24+VALUE(LEFT($K11,2))))) | Q11: =IF(H11="","",COUNTIFS('Scheduler Engine'!$N$2:$N$1751,1,'Scheduler Engine'!$L$2:$L$1751,"<="&((5)*24+VALUE(LEFT($K11,2))),'Scheduler Engine'!$M$2:$M$1751,">"&((5)*24+VALUE(LEFT($K11,2))))) | R11: =IF(I11="","",COUNTIFS('Scheduler Engine'!$N$2:$N$1751,1,'Scheduler Engine'!$L$2:$L$1751,"<="&((6)*24+VALUE(LEFT($K11,2))),'Scheduler Engine'!$M$2:$M$1751,">"&((6)*24+VALUE(LEFT($K11,2))))) | AC11: 07:00 | AD11: =IF(C11="","",L11*(1-(IF(IFERROR(INDEX(Instructions!$B:$B,MATCH("Shrinkage Source",Instructions!$A:$A,0)),"Shrinkage Sheet")="Shrinkage Sheet",IFERROR(IF(Shrinkage!B11="-",IF(C11<IFERROR(INDEX(Instructions!$B:$B,MATCH("Shrinkage Threshold FTE",Instructions!$A:$A,0)),10),IFERROR(INDEX(Instructions!$B:$B,MATCH("Shrinkage Less Than 10 FTEs",Instructions!$A:$A,0)),20%),IFERROR(INDEX(Instructions!$B:$B,MATCH("Shrinkage 10 Or More FTEs",Instructions!$A:$A,0)),12%)),Shrinkage!B11),IF(C11<IFERROR(INDEX(Instructions!$B:$B,MATCH("Shrinkage Threshold FTE",Instructions!$A:$A,0)),10),IFERROR(INDEX(Instructions!$B:$B,MATCH("Shrinkage Less Than 10 FTEs",Instructions!$A:$A,0)),20%),IFERROR(INDEX(Instructions!$B:$B,MATCH("Shrinkage 10 Or More FTEs",Instructions!$A:$A,0)),12%))),IF(C11<IFERROR(INDEX(Instructions!$B:$B,MATCH("Shrinkage Threshold FTE",Instructions!$A:$A,0)),10),IFERROR(INDEX(Instructions!$B:$B,MATCH("Shrinkage Less Than 10 FTEs",Instructions!$A:$A,0)),20%),IFERROR(INDEX(Instructions!$B:$B,MATCH("Shrinkage 10 Or More FTEs",Instructions!$A:$A,0)),12%)))))) | AE11: =IF(D11="","",M11*(1-(IF(IFERROR(INDEX(Instructions!$B:$B,MATCH("Shrinkage Source",Instructions!$A:$A,0)),"Shrinkage Sheet")="Shrinkage Sheet",IFERROR(IF(Shrinkage!C11="-",IF(D11<IFERROR(INDEX(Instructions!$B:$B,MATCH("Shrinkage Threshold FTE",Instructions!$A:$A,0)),10),IFERROR(INDEX(Instructions!$B:$B,MATCH("Shrinkage Less Than 10 FTEs",Instructions!$A:$A,0)),20%),IFERROR(INDEX(Instructions!$B:$B,MATCH("Shrinkage 10 Or More FTEs",Instructions!$A:$A,0)),12%)),Shrinkage!C11),IF(D11<IFERROR(INDEX(Instructions!$B:$B,MATCH("Shrinkage Threshold FTE",Instructions!$A:$A,0)),10),IFERROR(INDEX(Instructions!$B:$B,MATCH("Shrinkage Less Than 10 FTEs",Instructions!$A:$A,0)),20%),IFERROR(INDEX(Instructions!$B:$B,MATCH("Shrinkage 10 Or More FTEs",Instructions!$A:$A,0)),12%))),IF(D11<IFERROR(INDEX(Instructions!$B:$B,MATCH("Shrinkage Threshold FTE",Instructions!$A:$A,0)),10),IFERROR(INDEX(Instructions!$B:$B,MATCH("Shrinkage Less Than 10 FTEs",Instructions!$A:$A,0)),20%),IFERROR(INDEX(Instructions!$B:$B,MATCH("Shrinkage 10 Or More FTEs",Instructions!$A:$A,0)),12%)))))) | AF11: =IF(E11="","",N11*(1-(IF(IFERROR(INDEX(Instructions!$B:$B,MATCH("Shrinkage Source",Instructions!$A:$A,0)),"Shrinkage Sheet")="Shrinkage Sheet",IFERROR(IF(Shrinkage!D11="-",IF(E11<IFERROR(INDEX(Instructions!$B:$B,MATCH("Shrinkage Threshold FTE",Instructions!$A:$A,0)),10),IFERROR(INDEX(Instructions!$B:$B,MATCH("Shrinkage Less Than 10 FTEs",Instructions!$A:$A,0)),20%),IFERROR(INDEX(Instructions!$B:$B,MATCH("Shrinkage 10 Or More FTEs",Instructions!$A:$A,0)),12%)),Shrinkage!D11),IF(E11<IFERROR(INDEX(Instructions!$B:$B,MATCH("Shrinkage Threshold FTE",Instructions!$A:$A,0)),10),IFERROR(INDEX(Instructions!$B:$B,MATCH("Shrinkage Less Than 10 FTEs",Instructions!$A:$A,0)),20%),IFERROR(INDEX(Instructions!$B:$B,MATCH("Shrinkage 10 Or More FTEs",Instructions!$A:$A,0)),12%))),IF(E11<IFERROR(INDEX(Instructions!$B:$B,MATCH("Shrinkage Threshold FTE",Instructions!$A:$A,0)),10),IFERROR(INDEX(Instructions!$B:$B,MATCH("Shrinkage Less Than 10 FTEs",Instructions!$A:$A,0)),20%),IFERROR(INDEX(Instructions!$B:$B,MATCH("Shrinkage 10 Or More FTEs",Instructions!$A:$A,0)),12%)))))) | AG11: =IF(F11="","",O11*(1-(IF(IFERROR(INDEX(Instructions!$B:$B,MATCH("Shrinkage Source",Instructions!$A:$A,0)),"Shrinkage Sheet")="Shrinkage Sheet",IFERROR(IF(Shrinkage!E11="-",IF(F11<IFERROR(INDEX(Instructions!$B:$B,MATCH("Shrinkage Threshold FTE",Instructions!$A:$A,0)),10),IFERROR(INDEX(Instructions!$B:$B,MATCH("Shrinkage Less Than 10 FTEs",Instructions!$A:$A,0)),20%),IFERROR(INDEX(Instructions!$B:$B,MATCH("Shrinkage 10 Or More FTEs",Instructions!$A:$A,0)),12%)),Shrinkage!E11),IF(F11<IFERROR(INDEX(Instructions!$B:$B,MATCH("Shrinkage Threshold FTE",Instructions!$A:$A,0)),10),IFERROR(INDEX(Instructions!$B:$B,MATCH("Shrinkage Less Than 10 FTEs",Instructions!$A:$A,0)),20%),IFERROR(INDEX(Instructions!$B:$B,MATCH("Shrinkage 10 Or More FTEs",Instructions!$A:$A,0)),12%))),IF(F11<IFERROR(INDEX(Instructions!$B:$B,MATCH("Shrinkage Threshold FTE",Instructions!$A:$A,0)),10),IFERROR(INDEX(Instructions!$B:$B,MATCH("Shrinkage Less Than 10 FTEs",Instructions!$A:$A,0)),20%),IFERROR(INDEX(Instructions!$B:$B,MATCH("Shrinkage 10 Or More FTEs",Instructions!$A:$A,0)),12%)))))) | AH11: =IF(G11="","",P11*(1-(IF(IFERROR(INDEX(Instructions!$B:$B,MATCH("Shrinkage Source",Instructions!$A:$A,0)),"Shrinkage Sheet")="Shrinkage Sheet",IFERROR(IF(Shrinkage!F11="-",IF(G11<IFERROR(INDEX(Instructions!$B:$B,MATCH("Shrinkage Threshold FTE",Instructions!$A:$A,0)),10),IFERROR(INDEX(Instructions!$B:$B,MATCH("Shrinkage Less Than 10 FTEs",Instructions!$A:$A,0)),20%),IFERROR(INDEX(Instructions!$B:$B,MATCH("Shrinkage 10 Or More FTEs",Instructions!$A:$A,0)),12%)),Shrinkage!F11),IF(G11<IFERROR(INDEX(Instructions!$B:$B,MATCH("Shrinkage Threshold FTE",Instructions!$A:$A,0)),10),IFERROR(INDEX(Instructions!$B:$B,MATCH("Shrinkage Less Than 10 FTEs",Instructions!$A:$A,0)),20%),IFERROR(INDEX(Instructions!$B:$B,MATCH("Shrinkage 10 Or More FTEs",Instructions!$A:$A,0)),12%))),IF(G11<IFERROR(INDEX(Instructions!$B:$B,MATCH("Shrinkage Threshold FTE",Instructions!$A:$A,0)),10),IFERROR(INDEX(Instructions!$B:$B,MATCH("Shrinkage Less Than 10 FTEs",Instructions!$A:$A,0)),20%),IFERROR(INDEX(Instructions!$B:$B,MATCH("Shrinkage 10 Or More FTEs",Instructions!$A:$A,0)),12%)))))) | AI11: =IF(H11="","",Q11*(1-(IF(IFERROR(INDEX(Instructions!$B:$B,MATCH("Shrinkage Source",Instructions!$A:$A,0)),"Shrinkage Sheet")="Shrinkage Sheet",IFERROR(IF(Shrinkage!G11="-",IF(H11<IFERROR(INDEX(Instructions!$B:$B,MATCH("Shrinkage Threshold FTE",Instructions!$A:$A,0)),10),IFERROR(INDEX(Instructions!$B:$B,MATCH("Shrinkage Less Than 10 FTEs",Instructions!$A:$A,0)),20%),IFERROR(INDEX(Instructions!$B:$B,MATCH("Shrinkage 10 Or More FTEs",Instructions!$A:$A,0)),12%)),Shrinkage!G11),IF(H11<IFERROR(INDEX(Instructions!$B:$B,MATCH("Shrinkage Threshold FTE",Instructions!$A:$A,0)),10),IFERROR(INDEX(Instructions!$B:$B,MATCH("Shrinkage Less Than 10 FTEs",Instructions!$A:$A,0)),20%),IFERROR(INDEX(Instructions!$B:$B,MATCH("Shrinkage 10 Or More FTEs",Instructions!$A:$A,0)),12%))),IF(H11<IFERROR(INDEX(Instructions!$B:$B,MATCH("Shrinkage Threshold FTE",Instructions!$A:$A,0)),10),IFERROR(INDEX(Instructions!$B:$B,MATCH("Shrinkage Less Than 10 FTEs",Instructions!$A:$A,0)),20%),IFERROR(INDEX(Instructions!$B:$B,MATCH("Shrinkage 10 Or More FTEs",Instructions!$A:$A,0)),12%)))))) | AJ11: =IF(I11="","",R11*(1-(IF(IFERROR(INDEX(Instructions!$B:$B,MATCH("Shrinkage Source",Instructions!$A:$A,0)),"Shrinkage Sheet")="Shrinkage Sheet",IFERROR(IF(Shrinkage!H11="-",IF(I11<IFERROR(INDEX(Instructions!$B:$B,MATCH("Shrinkage Threshold FTE",Instructions!$A:$A,0)),10),IFERROR(INDEX(Instructions!$B:$B,MATCH("Shrinkage Less Than 10 FTEs",Instructions!$A:$A,0)),20%),IFERROR(INDEX(Instructions!$B:$B,MATCH("Shrinkage 10 Or More FTEs",Instructions!$A:$A,0)),12%)),Shrinkage!H11),IF(I11<IFERROR(INDEX(Instructions!$B:$B,MATCH("Shrinkage Threshold FTE",Instructions!$A:$A,0)),10),IFERROR(INDEX(Instructions!$B:$B,MATCH("Shrinkage Less Than 10 FTEs",Instructions!$A:$A,0)),20%),IFERROR(INDEX(Instructions!$B:$B,MATCH("Shrinkage 10 Or More FTEs",Instructions!$A:$A,0)),12%))),IF(I11<IFERROR(INDEX(Instructions!$B:$B,MATCH("Shrinkage Threshold FTE",Instructions!$A:$A,0)),10),IFERROR(INDEX(Instructions!$B:$B,MATCH("Shrinkage Less Than 10 FTEs",Instructions!$A:$A,0)),20%),IFERROR(INDEX(Instructions!$B:$B,MATCH("Shrinkage 10 Or More FTEs",Instructions!$A:$A,0)),12%)))))) | AU11: 07:00 | AV11: =IFERROR(AD11/C11,"") | AW11: =IFERROR(AE11/D11,"") | AX11: =IFERROR(AF11/E11,"") | AY11: =IFERROR(AG11/F11,"") | AZ11: =IFERROR(AH11/G11,"") | BA11: =IFERROR(AI11/H11,"") | BB11: =IFERROR(AJ11/I11,"") | BD11: 07:00 | BE11: =IF(C11="","",IF(AV11>=Instructions!$B$15,1,0)) | BF11: =IF(D11="","",IF(AW11>=Instructions!$B$15,1,0)) | BG11: =IF(E11="","",IF(AX11>=Instructions!$B$15,1,0)) | BH11: =IF(F11="","",IF(AY11>=Instructions!$B$15,1,0)) | BI11: =IF(G11="","",IF(AZ11>=Instructions!$B$15,1,0)) | BJ11: =IF(H11="","",IF(BA11>=Instructions!$B$15,1,0)) | BK11: =IF(I11="","",IF(BB11>=Instructions!$B$15,1,0)) | BM11: 07:00 | BN11: =IF(C11="","",IF(AV11>=Instructions!$B$16,1,0)) | BO11: =IF(D11="","",IF(AW11>=Instructions!$B$16,1,0)) | BP11: =IF(E11="","",IF(AX11>=Instructions!$B$16,1,0)) | BQ11: =IF(F11="","",IF(AY11>=Instructions!$B$16,1,0)) | BR11: =IF(G11="","",IF(AZ11>=Instructions!$B$16,1,0)) | BS11: =IF(H11="","",IF(BA11>=Instructions!$B$16,1,0)) | BT11: =IF(I11="","",IF(BB11>=Instructions!$B$16,1,0)) | BV11: 07:00 | BW11: =IF(C11="","",IF(ROUND(AV11,6)>=ROUND(Instructions!$B$16-Instructions!$B$17,6),1,0)) | BX11: =IF(D11="","",IF(ROUND(AW11,6)>=ROUND(Instructions!$B$16-Instructions!$B$17,6),1,0)) | BY11: =IF(E11="","",IF(ROUND(AX11,6)>=ROUND(Instructions!$B$16-Instructions!$B$17,6),1,0)) | BZ11: =IF(F11="","",IF(ROUND(AY11,6)>=ROUND(Instructions!$B$16-Instructions!$B$17,6),1,0)) | CA11: =IF(G11="","",IF(ROUND(AZ11,6)>=ROUND(Instructions!$B$16-Instructions!$B$17,6),1,0)) | CB11: =IF(H11="","",IF(ROUND(BA11,6)>=ROUND(Instructions!$B$16-Instructions!$B$17,6),1,0)) | CC11: =IF(I11="","",IF(ROUND(BB11,6)>=ROUND(Instructions!$B$16-Instructions!$B$17,6),1,0)) | CF11: 07:00 | CG11: =IF(C11="","",AD11-C11) | CH11: =IF(D11="","",AE11-D11) | CI11: =IF(E11="","",AF11-E11) | CJ11: =IF(F11="","",AG11-F11) | CK11: =IF(G11="","",AH11-G11) | CL11: =IF(H11="","",AI11-H11) | CM11: =IF(I11="","",AJ11-I11)
B12: 08:00 | K12: 08:00 | L12: =IF(C12="","",COUNTIFS('Scheduler Engine'!$N$2:$N$1751,1,'Scheduler Engine'!$L$2:$L$1751,"<="&((0)*24+VALUE(LEFT($K12,2))),'Scheduler Engine'!$M$2:$M$1751,">"&((0)*24+VALUE(LEFT($K12,2))))+COUNTIFS('Previous Engine'!$K$2:$K$251,1,'Previous Engine'!$H$2:$H$251,"<="&VALUE(LEFT($K12,2)),'Previous Engine'!$I$2:$I$251,">"&VALUE(LEFT($K12,2)))) | M12: =IF(D12="","",COUNTIFS('Scheduler Engine'!$N$2:$N$1751,1,'Scheduler Engine'!$L$2:$L$1751,"<="&((1)*24+VALUE(LEFT($K12,2))),'Scheduler Engine'!$M$2:$M$1751,">"&((1)*24+VALUE(LEFT($K12,2))))) | N12: =IF(E12="","",COUNTIFS('Scheduler Engine'!$N$2:$N$1751,1,'Scheduler Engine'!$L$2:$L$1751,"<="&((2)*24+VALUE(LEFT($K12,2))),'Scheduler Engine'!$M$2:$M$1751,">"&((2)*24+VALUE(LEFT($K12,2))))) | O12: =IF(F12="","",COUNTIFS('Scheduler Engine'!$N$2:$N$1751,1,'Scheduler Engine'!$L$2:$L$1751,"<="&((3)*24+VALUE(LEFT($K12,2))),'Scheduler Engine'!$M$2:$M$1751,">"&((3)*24+VALUE(LEFT($K12,2))))) | P12: =IF(G12="","",COUNTIFS('Scheduler Engine'!$N$2:$N$1751,1,'Scheduler Engine'!$L$2:$L$1751,"<="&((4)*24+VALUE(LEFT($K12,2))),'Scheduler Engine'!$M$2:$M$1751,">"&((4)*24+VALUE(LEFT($K12,2))))) | Q12: =IF(H12="","",COUNTIFS('Scheduler Engine'!$N$2:$N$1751,1,'Scheduler Engine'!$L$2:$L$1751,"<="&((5)*24+VALUE(LEFT($K12,2))),'Scheduler Engine'!$M$2:$M$1751,">"&((5)*24+VALUE(LEFT($K12,2))))) | R12: =IF(I12="","",COUNTIFS('Scheduler Engine'!$N$2:$N$1751,1,'Scheduler Engine'!$L$2:$L$1751,"<="&((6)*24+VALUE(LEFT($K12,2))),'Scheduler Engine'!$M$2:$M$1751,">"&((6)*24+VALUE(LEFT($K12,2))))) | AC12: 08:00 | AD12: =IF(C12="","",L12*(1-(IF(IFERROR(INDEX(Instructions!$B:$B,MATCH("Shrinkage Source",Instructions!$A:$A,0)),"Shrinkage Sheet")="Shrinkage Sheet",IFERROR(IF(Shrinkage!B12="-",IF(C12<IFERROR(INDEX(Instructions!$B:$B,MATCH("Shrinkage Threshold FTE",Instructions!$A:$A,0)),10),IFERROR(INDEX(Instructions!$B:$B,MATCH("Shrinkage Less Than 10 FTEs",Instructions!$A:$A,0)),20%),IFERROR(INDEX(Instructions!$B:$B,MATCH("Shrinkage 10 Or More FTEs",Instructions!$A:$A,0)),12%)),Shrinkage!B12),IF(C12<IFERROR(INDEX(Instructions!$B:$B,MATCH("Shrinkage Threshold FTE",Instructions!$A:$A,0)),10),IFERROR(INDEX(Instructions!$B:$B,MATCH("Shrinkage Less Than 10 FTEs",Instructions!$A:$A,0)),20%),IFERROR(INDEX(Instructions!$B:$B,MATCH("Shrinkage 10 Or More FTEs",Instructions!$A:$A,0)),12%))),IF(C12<IFERROR(INDEX(Instructions!$B:$B,MATCH("Shrinkage Threshold FTE",Instructions!$A:$A,0)),10),IFERROR(INDEX(Instructions!$B:$B,MATCH("Shrinkage Less Than 10 FTEs",Instructions!$A:$A,0)),20%),IFERROR(INDEX(Instructions!$B:$B,MATCH("Shrinkage 10 Or More FTEs",Instructions!$A:$A,0)),12%)))))) | AE12: =IF(D12="","",M12*(1-(IF(IFERROR(INDEX(Instructions!$B:$B,MATCH("Shrinkage Source",Instructions!$A:$A,0)),"Shrinkage Sheet")="Shrinkage Sheet",IFERROR(IF(Shrinkage!C12="-",IF(D12<IFERROR(INDEX(Instructions!$B:$B,MATCH("Shrinkage Threshold FTE",Instructions!$A:$A,0)),10),IFERROR(INDEX(Instructions!$B:$B,MATCH("Shrinkage Less Than 10 FTEs",Instructions!$A:$A,0)),20%),IFERROR(INDEX(Instructions!$B:$B,MATCH("Shrinkage 10 Or More FTEs",Instructions!$A:$A,0)),12%)),Shrinkage!C12),IF(D12<IFERROR(INDEX(Instructions!$B:$B,MATCH("Shrinkage Threshold FTE",Instructions!$A:$A,0)),10),IFERROR(INDEX(Instructions!$B:$B,MATCH("Shrinkage Less Than 10 FTEs",Instructions!$A:$A,0)),20%),IFERROR(INDEX(Instructions!$B:$B,MATCH("Shrinkage 10 Or More FTEs",Instructions!$A:$A,0)),12%))),IF(D12<IFERROR(INDEX(Instructions!$B:$B,MATCH("Shrinkage Threshold FTE",Instructions!$A:$A,0)),10),IFERROR(INDEX(Instructions!$B:$B,MATCH("Shrinkage Less Than 10 FTEs",Instructions!$A:$A,0)),20%),IFERROR(INDEX(Instructions!$B:$B,MATCH("Shrinkage 10 Or More FTEs",Instructions!$A:$A,0)),12%)))))) | AF12: =IF(E12="","",N12*(1-(IF(IFERROR(INDEX(Instructions!$B:$B,MATCH("Shrinkage Source",Instructions!$A:$A,0)),"Shrinkage Sheet")="Shrinkage Sheet",IFERROR(IF(Shrinkage!D12="-",IF(E12<IFERROR(INDEX(Instructions!$B:$B,MATCH("Shrinkage Threshold FTE",Instructions!$A:$A,0)),10),IFERROR(INDEX(Instructions!$B:$B,MATCH("Shrinkage Less Than 10 FTEs",Instructions!$A:$A,0)),20%),IFERROR(INDEX(Instructions!$B:$B,MATCH("Shrinkage 10 Or More FTEs",Instructions!$A:$A,0)),12%)),Shrinkage!D12),IF(E12<IFERROR(INDEX(Instructions!$B:$B,MATCH("Shrinkage Threshold FTE",Instructions!$A:$A,0)),10),IFERROR(INDEX(Instructions!$B:$B,MATCH("Shrinkage Less Than 10 FTEs",Instructions!$A:$A,0)),20%),IFERROR(INDEX(Instructions!$B:$B,MATCH("Shrinkage 10 Or More FTEs",Instructions!$A:$A,0)),12%))),IF(E12<IFERROR(INDEX(Instructions!$B:$B,MATCH("Shrinkage Threshold FTE",Instructions!$A:$A,0)),10),IFERROR(INDEX(Instructions!$B:$B,MATCH("Shrinkage Less Than 10 FTEs",Instructions!$A:$A,0)),20%),IFERROR(INDEX(Instructions!$B:$B,MATCH("Shrinkage 10 Or More FTEs",Instructions!$A:$A,0)),12%)))))) | AG12: =IF(F12="","",O12*(1-(IF(IFERROR(INDEX(Instructions!$B:$B,MATCH("Shrinkage Source",Instructions!$A:$A,0)),"Shrinkage Sheet")="Shrinkage Sheet",IFERROR(IF(Shrinkage!E12="-",IF(F12<IFERROR(INDEX(Instructions!$B:$B,MATCH("Shrinkage Threshold FTE",Instructions!$A:$A,0)),10),IFERROR(INDEX(Instructions!$B:$B,MATCH("Shrinkage Less Than 10 FTEs",Instructions!$A:$A,0)),20%),IFERROR(INDEX(Instructions!$B:$B,MATCH("Shrinkage 10 Or More FTEs",Instructions!$A:$A,0)),12%)),Shrinkage!E12),IF(F12<IFERROR(INDEX(Instructions!$B:$B,MATCH("Shrinkage Threshold FTE",Instructions!$A:$A,0)),10),IFERROR(INDEX(Instructions!$B:$B,MATCH("Shrinkage Less Than 10 FTEs",Instructions!$A:$A,0)),20%),IFERROR(INDEX(Instructions!$B:$B,MATCH("Shrinkage 10 Or More FTEs",Instructions!$A:$A,0)),12%))),IF(F12<IFERROR(INDEX(Instructions!$B:$B,MATCH("Shrinkage Threshold FTE",Instructions!$A:$A,0)),10),IFERROR(INDEX(Instructions!$B:$B,MATCH("Shrinkage Less Than 10 FTEs",Instructions!$A:$A,0)),20%),IFERROR(INDEX(Instructions!$B:$B,MATCH("Shrinkage 10 Or More FTEs",Instructions!$A:$A,0)),12%)))))) | AH12: =IF(G12="","",P12*(1-(IF(IFERROR(INDEX(Instructions!$B:$B,MATCH("Shrinkage Source",Instructions!$A:$A,0)),"Shrinkage Sheet")="Shrinkage Sheet",IFERROR(IF(Shrinkage!F12="-",IF(G12<IFERROR(INDEX(Instructions!$B:$B,MATCH("Shrinkage Threshold FTE",Instructions!$A:$A,0)),10),IFERROR(INDEX(Instructions!$B:$B,MATCH("Shrinkage Less Than 10 FTEs",Instructions!$A:$A,0)),20%),IFERROR(INDEX(Instructions!$B:$B,MATCH("Shrinkage 10 Or More FTEs",Instructions!$A:$A,0)),12%)),Shrinkage!F12),IF(G12<IFERROR(INDEX(Instructions!$B:$B,MATCH("Shrinkage Threshold FTE",Instructions!$A:$A,0)),10),IFERROR(INDEX(Instructions!$B:$B,MATCH("Shrinkage Less Than 10 FTEs",Instructions!$A:$A,0)),20%),IFERROR(INDEX(Instructions!$B:$B,MATCH("Shrinkage 10 Or More FTEs",Instructions!$A:$A,0)),12%))),IF(G12<IFERROR(INDEX(Instructions!$B:$B,MATCH("Shrinkage Threshold FTE",Instructions!$A:$A,0)),10),IFERROR(INDEX(Instructions!$B:$B,MATCH("Shrinkage Less Than 10 FTEs",Instructions!$A:$A,0)),20%),IFERROR(INDEX(Instructions!$B:$B,MATCH("Shrinkage 10 Or More FTEs",Instructions!$A:$A,0)),12%)))))) | AI12: =IF(H12="","",Q12*(1-(IF(IFERROR(INDEX(Instructions!$B:$B,MATCH("Shrinkage Source",Instructions!$A:$A,0)),"Shrinkage Sheet")="Shrinkage Sheet",IFERROR(IF(Shrinkage!G12="-",IF(H12<IFERROR(INDEX(Instructions!$B:$B,MATCH("Shrinkage Threshold FTE",Instructions!$A:$A,0)),10),IFERROR(INDEX(Instructions!$B:$B,MATCH("Shrinkage Less Than 10 FTEs",Instructions!$A:$A,0)),20%),IFERROR(INDEX(Instructions!$B:$B,MATCH("Shrinkage 10 Or More FTEs",Instructions!$A:$A,0)),12%)),Shrinkage!G12),IF(H12<IFERROR(INDEX(Instructions!$B:$B,MATCH("Shrinkage Threshold FTE",Instructions!$A:$A,0)),10),IFERROR(INDEX(Instructions!$B:$B,MATCH("Shrinkage Less Than 10 FTEs",Instructions!$A:$A,0)),20%),IFERROR(INDEX(Instructions!$B:$B,MATCH("Shrinkage 10 Or More FTEs",Instructions!$A:$A,0)),12%))),IF(H12<IFERROR(INDEX(Instructions!$B:$B,MATCH("Shrinkage Threshold FTE",Instructions!$A:$A,0)),10),IFERROR(INDEX(Instructions!$B:$B,MATCH("Shrinkage Less Than 10 FTEs",Instructions!$A:$A,0)),20%),IFERROR(INDEX(Instructions!$B:$B,MATCH("Shrinkage 10 Or More FTEs",Instructions!$A:$A,0)),12%)))))) | AJ12: =IF(I12="","",R12*(1-(IF(IFERROR(INDEX(Instructions!$B:$B,MATCH("Shrinkage Source",Instructions!$A:$A,0)),"Shrinkage Sheet")="Shrinkage Sheet",IFERROR(IF(Shrinkage!H12="-",IF(I12<IFERROR(INDEX(Instructions!$B:$B,MATCH("Shrinkage Threshold FTE",Instructions!$A:$A,0)),10),IFERROR(INDEX(Instructions!$B:$B,MATCH("Shrinkage Less Than 10 FTEs",Instructions!$A:$A,0)),20%),IFERROR(INDEX(Instructions!$B:$B,MATCH("Shrinkage 10 Or More FTEs",Instructions!$A:$A,0)),12%)),Shrinkage!H12),IF(I12<IFERROR(INDEX(Instructions!$B:$B,MATCH("Shrinkage Threshold FTE",Instructions!$A:$A,0)),10),IFERROR(INDEX(Instructions!$B:$B,MATCH("Shrinkage Less Than 10 FTEs",Instructions!$A:$A,0)),20%),IFERROR(INDEX(Instructions!$B:$B,MATCH("Shrinkage 10 Or More FTEs",Instructions!$A:$A,0)),12%))),IF(I12<IFERROR(INDEX(Instructions!$B:$B,MATCH("Shrinkage Threshold FTE",Instructions!$A:$A,0)),10),IFERROR(INDEX(Instructions!$B:$B,MATCH("Shrinkage Less Than 10 FTEs",Instructions!$A:$A,0)),20%),IFERROR(INDEX(Instructions!$B:$B,MATCH("Shrinkage 10 Or More FTEs",Instructions!$A:$A,0)),12%)))))) | AU12: 08:00 | AV12: =IFERROR(AD12/C12,"") | AW12: =IFERROR(AE12/D12,"") | AX12: =IFERROR(AF12/E12,"") | AY12: =IFERROR(AG12/F12,"") | AZ12: =IFERROR(AH12/G12,"") | BA12: =IFERROR(AI12/H12,"") | BB12: =IFERROR(AJ12/I12,"") | BD12: 08:00 | BE12: =IF(C12="","",IF(AV12>=Instructions!$B$15,1,0)) | BF12: =IF(D12="","",IF(AW12>=Instructions!$B$15,1,0)) | BG12: =IF(E12="","",IF(AX12>=Instructions!$B$15,1,0)) | BH12: =IF(F12="","",IF(AY12>=Instructions!$B$15,1,0)) | BI12: =IF(G12="","",IF(AZ12>=Instructions!$B$15,1,0)) | BJ12: =IF(H12="","",IF(BA12>=Instructions!$B$15,1,0)) | BK12: =IF(I12="","",IF(BB12>=Instructions!$B$15,1,0)) | BM12: 08:00 | BN12: =IF(C12="","",IF(AV12>=Instructions!$B$16,1,0)) | BO12: =IF(D12="","",IF(AW12>=Instructions!$B$16,1,0)) | BP12: =IF(E12="","",IF(AX12>=Instructions!$B$16,1,0)) | BQ12: =IF(F12="","",IF(AY12>=Instructions!$B$16,1,0)) | BR12: =IF(G12="","",IF(AZ12>=Instructions!$B$16,1,0)) | BS12: =IF(H12="","",IF(BA12>=Instructions!$B$16,1,0)) | BT12: =IF(I12="","",IF(BB12>=Instructions!$B$16,1,0)) | BV12: 08:00 | BW12: =IF(C12="","",IF(ROUND(AV12,6)>=ROUND(Instructions!$B$16-Instructions!$B$17,6),1,0)) | BX12: =IF(D12="","",IF(ROUND(AW12,6)>=ROUND(Instructions!$B$16-Instructions!$B$17,6),1,0)) | BY12: =IF(E12="","",IF(ROUND(AX12,6)>=ROUND(Instructions!$B$16-Instructions!$B$17,6),1,0)) | BZ12: =IF(F12="","",IF(ROUND(AY12,6)>=ROUND(Instructions!$B$16-Instructions!$B$17,6),1,0)) | CA12: =IF(G12="","",IF(ROUND(AZ12,6)>=ROUND(Instructions!$B$16-Instructions!$B$17,6),1,0)) | CB12: =IF(H12="","",IF(ROUND(BA12,6)>=ROUND(Instructions!$B$16-Instructions!$B$17,6),1,0)) | CC12: =IF(I12="","",IF(ROUND(BB12,6)>=ROUND(Instructions!$B$16-Instructions!$B$17,6),1,0)) | CF12: 08:00 | CG12: =IF(C12="","",AD12-C12) | CH12: =IF(D12="","",AE12-D12) | CI12: =IF(E12="","",AF12-E12) | CJ12: =IF(F12="","",AG12-F12) | CK12: =IF(G12="","",AH12-G12) | CL12: =IF(H12="","",AI12-H12) | CM12: =IF(I12="","",AJ12-I12)
B13: 09:00 | K13: 09:00 | L13: =IF(C13="","",COUNTIFS('Scheduler Engine'!$N$2:$N$1751,1,'Scheduler Engine'!$L$2:$L$1751,"<="&((0)*24+VALUE(LEFT($K13,2))),'Scheduler Engine'!$M$2:$M$1751,">"&((0)*24+VALUE(LEFT($K13,2))))+COUNTIFS('Previous Engine'!$K$2:$K$251,1,'Previous Engine'!$H$2:$H$251,"<="&VALUE(LEFT($K13,2)),'Previous Engine'!$I$2:$I$251,">"&VALUE(LEFT($K13,2)))) | M13: =IF(D13="","",COUNTIFS('Scheduler Engine'!$N$2:$N$1751,1,'Scheduler Engine'!$L$2:$L$1751,"<="&((1)*24+VALUE(LEFT($K13,2))),'Scheduler Engine'!$M$2:$M$1751,">"&((1)*24+VALUE(LEFT($K13,2))))) | N13: =IF(E13="","",COUNTIFS('Scheduler Engine'!$N$2:$N$1751,1,'Scheduler Engine'!$L$2:$L$1751,"<="&((2)*24+VALUE(LEFT($K13,2))),'Scheduler Engine'!$M$2:$M$1751,">"&((2)*24+VALUE(LEFT($K13,2))))) | O13: =IF(F13="","",COUNTIFS('Scheduler Engine'!$N$2:$N$1751,1,'Scheduler Engine'!$L$2:$L$1751,"<="&((3)*24+VALUE(LEFT($K13,2))),'Scheduler Engine'!$M$2:$M$1751,">"&((3)*24+VALUE(LEFT($K13,2))))) | P13: =IF(G13="","",COUNTIFS('Scheduler Engine'!$N$2:$N$1751,1,'Scheduler Engine'!$L$2:$L$1751,"<="&((4)*24+VALUE(LEFT($K13,2))),'Scheduler Engine'!$M$2:$M$1751,">"&((4)*24+VALUE(LEFT($K13,2))))) | Q13: =IF(H13="","",COUNTIFS('Scheduler Engine'!$N$2:$N$1751,1,'Scheduler Engine'!$L$2:$L$1751,"<="&((5)*24+VALUE(LEFT($K13,2))),'Scheduler Engine'!$M$2:$M$1751,">"&((5)*24+VALUE(LEFT($K13,2))))) | R13: =IF(I13="","",COUNTIFS('Scheduler Engine'!$N$2:$N$1751,1,'Scheduler Engine'!$L$2:$L$1751,"<="&((6)*24+VALUE(LEFT($K13,2))),'Scheduler Engine'!$M$2:$M$1751,">"&((6)*24+VALUE(LEFT($K13,2))))) | AC13: 09:00 | AD13: =IF(C13="","",L13*(1-(IF(IFERROR(INDEX(Instructions!$B:$B,MATCH("Shrinkage Source",Instructions!$A:$A,0)),"Shrinkage Sheet")="Shrinkage Sheet",IFERROR(IF(Shrinkage!B13="-",IF(C13<IFERROR(INDEX(Instructions!$B:$B,MATCH("Shrinkage Threshold FTE",Instructions!$A:$A,0)),10),IFERROR(INDEX(Instructions!$B:$B,MATCH("Shrinkage Less Than 10 FTEs",Instructions!$A:$A,0)),20%),IFERROR(INDEX(Instructions!$B:$B,MATCH("Shrinkage 10 Or More FTEs",Instructions!$A:$A,0)),12%)),Shrinkage!B13),IF(C13<IFERROR(INDEX(Instructions!$B:$B,MATCH("Shrinkage Threshold FTE",Instructions!$A:$A,0)),10),IFERROR(INDEX(Instructions!$B:$B,MATCH("Shrinkage Less Than 10 FTEs",Instructions!$A:$A,0)),20%),IFERROR(INDEX(Instructions!$B:$B,MATCH("Shrinkage 10 Or More FTEs",Instructions!$A:$A,0)),12%))),IF(C13<IFERROR(INDEX(Instructions!$B:$B,MATCH("Shrinkage Threshold FTE",Instructions!$A:$A,0)),10),IFERROR(INDEX(Instructions!$B:$B,MATCH("Shrinkage Less Than 10 FTEs",Instructions!$A:$A,0)),20%),IFERROR(INDEX(Instructions!$B:$B,MATCH("Shrinkage 10 Or More FTEs",Instructions!$A:$A,0)),12%)))))) | AE13: =IF(D13="","",M13*(1-(IF(IFERROR(INDEX(Instructions!$B:$B,MATCH("Shrinkage Source",Instructions!$A:$A,0)),"Shrinkage Sheet")="Shrinkage Sheet",IFERROR(IF(Shrinkage!C13="-",IF(D13<IFERROR(INDEX(Instructions!$B:$B,MATCH("Shrinkage Threshold FTE",Instructions!$A:$A,0)),10),IFERROR(INDEX(Instructions!$B:$B,MATCH("Shrinkage Less Than 10 FTEs",Instructions!$A:$A,0)),20%),IFERROR(INDEX(Instructions!$B:$B,MATCH("Shrinkage 10 Or More FTEs",Instructions!$A:$A,0)),12%)),Shrinkage!C13),IF(D13<IFERROR(INDEX(Instructions!$B:$B,MATCH("Shrinkage Threshold FTE",Instructions!$A:$A,0)),10),IFERROR(INDEX(Instructions!$B:$B,MATCH("Shrinkage Less Than 10 FTEs",Instructions!$A:$A,0)),20%),IFERROR(INDEX(Instructions!$B:$B,MATCH("Shrinkage 10 Or More FTEs",Instructions!$A:$A,0)),12%))),IF(D13<IFERROR(INDEX(Instructions!$B:$B,MATCH("Shrinkage Threshold FTE",Instructions!$A:$A,0)),10),IFERROR(INDEX(Instructions!$B:$B,MATCH("Shrinkage Less Than 10 FTEs",Instructions!$A:$A,0)),20%),IFERROR(INDEX(Instructions!$B:$B,MATCH("Shrinkage 10 Or More FTEs",Instructions!$A:$A,0)),12%)))))) | AF13: =IF(E13="","",N13*(1-(IF(IFERROR(INDEX(Instructions!$B:$B,MATCH("Shrinkage Source",Instructions!$A:$A,0)),"Shrinkage Sheet")="Shrinkage Sheet",IFERROR(IF(Shrinkage!D13="-",IF(E13<IFERROR(INDEX(Instructions!$B:$B,MATCH("Shrinkage Threshold FTE",Instructions!$A:$A,0)),10),IFERROR(INDEX(Instructions!$B:$B,MATCH("Shrinkage Less Than 10 FTEs",Instructions!$A:$A,0)),20%),IFERROR(INDEX(Instructions!$B:$B,MATCH("Shrinkage 10 Or More FTEs",Instructions!$A:$A,0)),12%)),Shrinkage!D13),IF(E13<IFERROR(INDEX(Instructions!$B:$B,MATCH("Shrinkage Threshold FTE",Instructions!$A:$A,0)),10),IFERROR(INDEX(Instructions!$B:$B,MATCH("Shrinkage Less Than 10 FTEs",Instructions!$A:$A,0)),20%),IFERROR(INDEX(Instructions!$B:$B,MATCH("Shrinkage 10 Or More FTEs",Instructions!$A:$A,0)),12%))),IF(E13<IFERROR(INDEX(Instructions!$B:$B,MATCH("Shrinkage Threshold FTE",Instructions!$A:$A,0)),10),IFERROR(INDEX(Instructions!$B:$B,MATCH("Shrinkage Less Than 10 FTEs",Instructions!$A:$A,0)),20%),IFERROR(INDEX(Instructions!$B:$B,MATCH("Shrinkage 10 Or More FTEs",Instructions!$A:$A,0)),12%)))))) | AG13: =IF(F13="","",O13*(1-(IF(IFERROR(INDEX(Instructions!$B:$B,MATCH("Shrinkage Source",Instructions!$A:$A,0)),"Shrinkage Sheet")="Shrinkage Sheet",IFERROR(IF(Shrinkage!E13="-",IF(F13<IFERROR(INDEX(Instructions!$B:$B,MATCH("Shrinkage Threshold FTE",Instructions!$A:$A,0)),10),IFERROR(INDEX(Instructions!$B:$B,MATCH("Shrinkage Less Than 10 FTEs",Instructions!$A:$A,0)),20%),IFERROR(INDEX(Instructions!$B:$B,MATCH("Shrinkage 10 Or More FTEs",Instructions!$A:$A,0)),12%)),Shrinkage!E13),IF(F13<IFERROR(INDEX(Instructions!$B:$B,MATCH("Shrinkage Threshold FTE",Instructions!$A:$A,0)),10),IFERROR(INDEX(Instructions!$B:$B,MATCH("Shrinkage Less Than 10 FTEs",Instructions!$A:$A,0)),20%),IFERROR(INDEX(Instructions!$B:$B,MATCH("Shrinkage 10 Or More FTEs",Instructions!$A:$A,0)),12%))),IF(F13<IFERROR(INDEX(Instructions!$B:$B,MATCH("Shrinkage Threshold FTE",Instructions!$A:$A,0)),10),IFERROR(INDEX(Instructions!$B:$B,MATCH("Shrinkage Less Than 10 FTEs",Instructions!$A:$A,0)),20%),IFERROR(INDEX(Instructions!$B:$B,MATCH("Shrinkage 10 Or More FTEs",Instructions!$A:$A,0)),12%)))))) | AH13: =IF(G13="","",P13*(1-(IF(IFERROR(INDEX(Instructions!$B:$B,MATCH("Shrinkage Source",Instructions!$A:$A,0)),"Shrinkage Sheet")="Shrinkage Sheet",IFERROR(IF(Shrinkage!F13="-",IF(G13<IFERROR(INDEX(Instructions!$B:$B,MATCH("Shrinkage Threshold FTE",Instructions!$A:$A,0)),10),IFERROR(INDEX(Instructions!$B:$B,MATCH("Shrinkage Less Than 10 FTEs",Instructions!$A:$A,0)),20%),IFERROR(INDEX(Instructions!$B:$B,MATCH("Shrinkage 10 Or More FTEs",Instructions!$A:$A,0)),12%)),Shrinkage!F13),IF(G13<IFERROR(INDEX(Instructions!$B:$B,MATCH("Shrinkage Threshold FTE",Instructions!$A:$A,0)),10),IFERROR(INDEX(Instructions!$B:$B,MATCH("Shrinkage Less Than 10 FTEs",Instructions!$A:$A,0)),20%),IFERROR(INDEX(Instructions!$B:$B,MATCH("Shrinkage 10 Or More FTEs",Instructions!$A:$A,0)),12%))),IF(G13<IFERROR(INDEX(Instructions!$B:$B,MATCH("Shrinkage Threshold FTE",Instructions!$A:$A,0)),10),IFERROR(INDEX(Instructions!$B:$B,MATCH("Shrinkage Less Than 10 FTEs",Instructions!$A:$A,0)),20%),IFERROR(INDEX(Instructions!$B:$B,MATCH("Shrinkage 10 Or More FTEs",Instructions!$A:$A,0)),12%)))))) | AI13: =IF(H13="","",Q13*(1-(IF(IFERROR(INDEX(Instructions!$B:$B,MATCH("Shrinkage Source",Instructions!$A:$A,0)),"Shrinkage Sheet")="Shrinkage Sheet",IFERROR(IF(Shrinkage!G13="-",IF(H13<IFERROR(INDEX(Instructions!$B:$B,MATCH("Shrinkage Threshold FTE",Instructions!$A:$A,0)),10),IFERROR(INDEX(Instructions!$B:$B,MATCH("Shrinkage Less Than 10 FTEs",Instructions!$A:$A,0)),20%),IFERROR(INDEX(Instructions!$B:$B,MATCH("Shrinkage 10 Or More FTEs",Instructions!$A:$A,0)),12%)),Shrinkage!G13),IF(H13<IFERROR(INDEX(Instructions!$B:$B,MATCH("Shrinkage Threshold FTE",Instructions!$A:$A,0)),10),IFERROR(INDEX(Instructions!$B:$B,MATCH("Shrinkage Less Than 10 FTEs",Instructions!$A:$A,0)),20%),IFERROR(INDEX(Instructions!$B:$B,MATCH("Shrinkage 10 Or More FTEs",Instructions!$A:$A,0)),12%))),IF(H13<IFERROR(INDEX(Instructions!$B:$B,MATCH("Shrinkage Threshold FTE",Instructions!$A:$A,0)),10),IFERROR(INDEX(Instructions!$B:$B,MATCH("Shrinkage Less Than 10 FTEs",Instructions!$A:$A,0)),20%),IFERROR(INDEX(Instructions!$B:$B,MATCH("Shrinkage 10 Or More FTEs",Instructions!$A:$A,0)),12%)))))) | AJ13: =IF(I13="","",R13*(1-(IF(IFERROR(INDEX(Instructions!$B:$B,MATCH("Shrinkage Source",Instructions!$A:$A,0)),"Shrinkage Sheet")="Shrinkage Sheet",IFERROR(IF(Shrinkage!H13="-",IF(I13<IFERROR(INDEX(Instructions!$B:$B,MATCH("Shrinkage Threshold FTE",Instructions!$A:$A,0)),10),IFERROR(INDEX(Instructions!$B:$B,MATCH("Shrinkage Less Than 10 FTEs",Instructions!$A:$A,0)),20%),IFERROR(INDEX(Instructions!$B:$B,MATCH("Shrinkage 10 Or More FTEs",Instructions!$A:$A,0)),12%)),Shrinkage!H13),IF(I13<IFERROR(INDEX(Instructions!$B:$B,MATCH("Shrinkage Threshold FTE",Instructions!$A:$A,0)),10),IFERROR(INDEX(Instructions!$B:$B,MATCH("Shrinkage Less Than 10 FTEs",Instructions!$A:$A,0)),20%),IFERROR(INDEX(Instructions!$B:$B,MATCH("Shrinkage 10 Or More FTEs",Instructions!$A:$A,0)),12%))),IF(I13<IFERROR(INDEX(Instructions!$B:$B,MATCH("Shrinkage Threshold FTE",Instructions!$A:$A,0)),10),IFERROR(INDEX(Instructions!$B:$B,MATCH("Shrinkage Less Than 10 FTEs",Instructions!$A:$A,0)),20%),IFERROR(INDEX(Instructions!$B:$B,MATCH("Shrinkage 10 Or More FTEs",Instructions!$A:$A,0)),12%)))))) | AU13: 09:00 | AV13: =IFERROR(AD13/C13,"") | AW13: =IFERROR(AE13/D13,"") | AX13: =IFERROR(AF13/E13,"") | AY13: =IFERROR(AG13/F13,"") | AZ13: =IFERROR(AH13/G13,"") | BA13: =IFERROR(AI13/H13,"") | BB13: =IFERROR(AJ13/I13,"") | BD13: 09:00 | BE13: =IF(C13="","",IF(AV13>=Instructions!$B$15,1,0)) | BF13: =IF(D13="","",IF(AW13>=Instructions!$B$15,1,0)) | BG13: =IF(E13="","",IF(AX13>=Instructions!$B$15,1,0)) | BH13: =IF(F13="","",IF(AY13>=Instructions!$B$15,1,0)) | BI13: =IF(G13="","",IF(AZ13>=Instructions!$B$15,1,0)) | BJ13: =IF(H13="","",IF(BA13>=Instructions!$B$15,1,0)) | BK13: =IF(I13="","",IF(BB13>=Instructions!$B$15,1,0)) | BM13: 09:00 | BN13: =IF(C13="","",IF(AV13>=Instructions!$B$16,1,0)) | BO13: =IF(D13="","",IF(AW13>=Instructions!$B$16,1,0)) | BP13: =IF(E13="","",IF(AX13>=Instructions!$B$16,1,0)) | BQ13: =IF(F13="","",IF(AY13>=Instructions!$B$16,1,0)) | BR13: =IF(G13="","",IF(AZ13>=Instructions!$B$16,1,0)) | BS13: =IF(H13="","",IF(BA13>=Instructions!$B$16,1,0)) | BT13: =IF(I13="","",IF(BB13>=Instructions!$B$16,1,0)) | BV13: 09:00 | BW13: =IF(C13="","",IF(ROUND(AV13,6)>=ROUND(Instructions!$B$16-Instructions!$B$17,6),1,0)) | BX13: =IF(D13="","",IF(ROUND(AW13,6)>=ROUND(Instructions!$B$16-Instructions!$B$17,6),1,0)) | BY13: =IF(E13="","",IF(ROUND(AX13,6)>=ROUND(Instructions!$B$16-Instructions!$B$17,6),1,0)) | BZ13: =IF(F13="","",IF(ROUND(AY13,6)>=ROUND(Instructions!$B$16-Instructions!$B$17,6),1,0)) | CA13: =IF(G13="","",IF(ROUND(AZ13,6)>=ROUND(Instructions!$B$16-Instructions!$B$17,6),1,0)) | CB13: =IF(H13="","",IF(ROUND(BA13,6)>=ROUND(Instructions!$B$16-Instructions!$B$17,6),1,0)) | CC13: =IF(I13="","",IF(ROUND(BB13,6)>=ROUND(Instructions!$B$16-Instructions!$B$17,6),1,0)) | CF13: 09:00 | CG13: =IF(C13="","",AD13-C13) | CH13: =IF(D13="","",AE13-D13) | CI13: =IF(E13="","",AF13-E13) | CJ13: =IF(F13="","",AG13-F13) | CK13: =IF(G13="","",AH13-G13) | CL13: =IF(H13="","",AI13-H13) | CM13: =IF(I13="","",AJ13-I13)
B14: 10:00 | K14: 10:00 | L14: =IF(C14="","",COUNTIFS('Scheduler Engine'!$N$2:$N$1751,1,'Scheduler Engine'!$L$2:$L$1751,"<="&((0)*24+VALUE(LEFT($K14,2))),'Scheduler Engine'!$M$2:$M$1751,">"&((0)*24+VALUE(LEFT($K14,2))))+COUNTIFS('Previous Engine'!$K$2:$K$251,1,'Previous Engine'!$H$2:$H$251,"<="&VALUE(LEFT($K14,2)),'Previous Engine'!$I$2:$I$251,">"&VALUE(LEFT($K14,2)))) | M14: =IF(D14="","",COUNTIFS('Scheduler Engine'!$N$2:$N$1751,1,'Scheduler Engine'!$L$2:$L$1751,"<="&((1)*24+VALUE(LEFT($K14,2))),'Scheduler Engine'!$M$2:$M$1751,">"&((1)*24+VALUE(LEFT($K14,2))))) | N14: =IF(E14="","",COUNTIFS('Scheduler Engine'!$N$2:$N$1751,1,'Scheduler Engine'!$L$2:$L$1751,"<="&((2)*24+VALUE(LEFT($K14,2))),'Scheduler Engine'!$M$2:$M$1751,">"&((2)*24+VALUE(LEFT($K14,2))))) | O14: =IF(F14="","",COUNTIFS('Scheduler Engine'!$N$2:$N$1751,1,'Scheduler Engine'!$L$2:$L$1751,"<="&((3)*24+VALUE(LEFT($K14,2))),'Scheduler Engine'!$M$2:$M$1751,">"&((3)*24+VALUE(LEFT($K14,2))))) | P14: =IF(G14="","",COUNTIFS('Scheduler Engine'!$N$2:$N$1751,1,'Scheduler Engine'!$L$2:$L$1751,"<="&((4)*24+VALUE(LEFT($K14,2))),'Scheduler Engine'!$M$2:$M$1751,">"&((4)*24+VALUE(LEFT($K14,2))))) | Q14: =IF(H14="","",COUNTIFS('Scheduler Engine'!$N$2:$N$1751,1,'Scheduler Engine'!$L$2:$L$1751,"<="&((5)*24+VALUE(LEFT($K14,2))),'Scheduler Engine'!$M$2:$M$1751,">"&((5)*24+VALUE(LEFT($K14,2))))) | R14: =IF(I14="","",COUNTIFS('Scheduler Engine'!$N$2:$N$1751,1,'Scheduler Engine'!$L$2:$L$1751,"<="&((6)*24+VALUE(LEFT($K14,2))),'Scheduler Engine'!$M$2:$M$1751,">"&((6)*24+VALUE(LEFT($K14,2))))) | AC14: 10:00 | AD14: =IF(C14="","",L14*(1-(IF(IFERROR(INDEX(Instructions!$B:$B,MATCH("Shrinkage Source",Instructions!$A:$A,0)),"Shrinkage Sheet")="Shrinkage Sheet",IFERROR(IF(Shrinkage!B14="-",IF(C14<IFERROR(INDEX(Instructions!$B:$B,MATCH("Shrinkage Threshold FTE",Instructions!$A:$A,0)),10),IFERROR(INDEX(Instructions!$B:$B,MATCH("Shrinkage Less Than 10 FTEs",Instructions!$A:$A,0)),20%),IFERROR(INDEX(Instructions!$B:$B,MATCH("Shrinkage 10 Or More FTEs",Instructions!$A:$A,0)),12%)),Shrinkage!B14),IF(C14<IFERROR(INDEX(Instructions!$B:$B,MATCH("Shrinkage Threshold FTE",Instructions!$A:$A,0)),10),IFERROR(INDEX(Instructions!$B:$B,MATCH("Shrinkage Less Than 10 FTEs",Instructions!$A:$A,0)),20%),IFERROR(INDEX(Instructions!$B:$B,MATCH("Shrinkage 10 Or More FTEs",Instructions!$A:$A,0)),12%))),IF(C14<IFERROR(INDEX(Instructions!$B:$B,MATCH("Shrinkage Threshold FTE",Instructions!$A:$A,0)),10),IFERROR(INDEX(Instructions!$B:$B,MATCH("Shrinkage Less Than 10 FTEs",Instructions!$A:$A,0)),20%),IFERROR(INDEX(Instructions!$B:$B,MATCH("Shrinkage 10 Or More FTEs",Instructions!$A:$A,0)),12%)))))) | AE14: =IF(D14="","",M14*(1-(IF(IFERROR(INDEX(Instructions!$B:$B,MATCH("Shrinkage Source",Instructions!$A:$A,0)),"Shrinkage Sheet")="Shrinkage Sheet",IFERROR(IF(Shrinkage!C14="-",IF(D14<IFERROR(INDEX(Instructions!$B:$B,MATCH("Shrinkage Threshold FTE",Instructions!$A:$A,0)),10),IFERROR(INDEX(Instructions!$B:$B,MATCH("Shrinkage Less Than 10 FTEs",Instructions!$A:$A,0)),20%),IFERROR(INDEX(Instructions!$B:$B,MATCH("Shrinkage 10 Or More FTEs",Instructions!$A:$A,0)),12%)),Shrinkage!C14),IF(D14<IFERROR(INDEX(Instructions!$B:$B,MATCH("Shrinkage Threshold FTE",Instructions!$A:$A,0)),10),IFERROR(INDEX(Instructions!$B:$B,MATCH("Shrinkage Less Than 10 FTEs",Instructions!$A:$A,0)),20%),IFERROR(INDEX(Instructions!$B:$B,MATCH("Shrinkage 10 Or More FTEs",Instructions!$A:$A,0)),12%))),IF(D14<IFERROR(INDEX(Instructions!$B:$B,MATCH("Shrinkage Threshold FTE",Instructions!$A:$A,0)),10),IFERROR(INDEX(Instructions!$B:$B,MATCH("Shrinkage Less Than 10 FTEs",Instructions!$A:$A,0)),20%),IFERROR(INDEX(Instructions!$B:$B,MATCH("Shrinkage 10 Or More FTEs",Instructions!$A:$A,0)),12%)))))) | AF14: =IF(E14="","",N14*(1-(IF(IFERROR(INDEX(Instructions!$B:$B,MATCH("Shrinkage Source",Instructions!$A:$A,0)),"Shrinkage Sheet")="Shrinkage Sheet",IFERROR(IF(Shrinkage!D14="-",IF(E14<IFERROR(INDEX(Instructions!$B:$B,MATCH("Shrinkage Threshold FTE",Instructions!$A:$A,0)),10),IFERROR(INDEX(Instructions!$B:$B,MATCH("Shrinkage Less Than 10 FTEs",Instructions!$A:$A,0)),20%),IFERROR(INDEX(Instructions!$B:$B,MATCH("Shrinkage 10 Or More FTEs",Instructions!$A:$A,0)),12%)),Shrinkage!D14),IF(E14<IFERROR(INDEX(Instructions!$B:$B,MATCH("Shrinkage Threshold FTE",Instructions!$A:$A,0)),10),IFERROR(INDEX(Instructions!$B:$B,MATCH("Shrinkage Less Than 10 FTEs",Instructions!$A:$A,0)),20%),IFERROR(INDEX(Instructions!$B:$B,MATCH("Shrinkage 10 Or More FTEs",Instructions!$A:$A,0)),12%))),IF(E14<IFERROR(INDEX(Instructions!$B:$B,MATCH("Shrinkage Threshold FTE",Instructions!$A:$A,0)),10),IFERROR(INDEX(Instructions!$B:$B,MATCH("Shrinkage Less Than 10 FTEs",Instructions!$A:$A,0)),20%),IFERROR(INDEX(Instructions!$B:$B,MATCH("Shrinkage 10 Or More FTEs",Instructions!$A:$A,0)),12%)))))) | AG14: =IF(F14="","",O14*(1-(IF(IFERROR(INDEX(Instructions!$B:$B,MATCH("Shrinkage Source",Instructions!$A:$A,0)),"Shrinkage Sheet")="Shrinkage Sheet",IFERROR(IF(Shrinkage!E14="-",IF(F14<IFERROR(INDEX(Instructions!$B:$B,MATCH("Shrinkage Threshold FTE",Instructions!$A:$A,0)),10),IFERROR(INDEX(Instructions!$B:$B,MATCH("Shrinkage Less Than 10 FTEs",Instructions!$A:$A,0)),20%),IFERROR(INDEX(Instructions!$B:$B,MATCH("Shrinkage 10 Or More FTEs",Instructions!$A:$A,0)),12%)),Shrinkage!E14),IF(F14<IFERROR(INDEX(Instructions!$B:$B,MATCH("Shrinkage Threshold FTE",Instructions!$A:$A,0)),10),IFERROR(INDEX(Instructions!$B:$B,MATCH("Shrinkage Less Than 10 FTEs",Instructions!$A:$A,0)),20%),IFERROR(INDEX(Instructions!$B:$B,MATCH("Shrinkage 10 Or More FTEs",Instructions!$A:$A,0)),12%))),IF(F14<IFERROR(INDEX(Instructions!$B:$B,MATCH("Shrinkage Threshold FTE",Instructions!$A:$A,0)),10),IFERROR(INDEX(Instructions!$B:$B,MATCH("Shrinkage Less Than 10 FTEs",Instructions!$A:$A,0)),20%),IFERROR(INDEX(Instructions!$B:$B,MATCH("Shrinkage 10 Or More FTEs",Instructions!$A:$A,0)),12%)))))) | AH14: =IF(G14="","",P14*(1-(IF(IFERROR(INDEX(Instructions!$B:$B,MATCH("Shrinkage Source",Instructions!$A:$A,0)),"Shrinkage Sheet")="Shrinkage Sheet",IFERROR(IF(Shrinkage!F14="-",IF(G14<IFERROR(INDEX(Instructions!$B:$B,MATCH("Shrinkage Threshold FTE",Instructions!$A:$A,0)),10),IFERROR(INDEX(Instructions!$B:$B,MATCH("Shrinkage Less Than 10 FTEs",Instructions!$A:$A,0)),20%),IFERROR(INDEX(Instructions!$B:$B,MATCH("Shrinkage 10 Or More FTEs",Instructions!$A:$A,0)),12%)),Shrinkage!F14),IF(G14<IFERROR(INDEX(Instructions!$B:$B,MATCH("Shrinkage Threshold FTE",Instructions!$A:$A,0)),10),IFERROR(INDEX(Instructions!$B:$B,MATCH("Shrinkage Less Than 10 FTEs",Instructions!$A:$A,0)),20%),IFERROR(INDEX(Instructions!$B:$B,MATCH("Shrinkage 10 Or More FTEs",Instructions!$A:$A,0)),12%))),IF(G14<IFERROR(INDEX(Instructions!$B:$B,MATCH("Shrinkage Threshold FTE",Instructions!$A:$A,0)),10),IFERROR(INDEX(Instructions!$B:$B,MATCH("Shrinkage Less Than 10 FTEs",Instructions!$A:$A,0)),20%),IFERROR(INDEX(Instructions!$B:$B,MATCH("Shrinkage 10 Or More FTEs",Instructions!$A:$A,0)),12%)))))) | AI14: =IF(H14="","",Q14*(1-(IF(IFERROR(INDEX(Instructions!$B:$B,MATCH("Shrinkage Source",Instructions!$A:$A,0)),"Shrinkage Sheet")="Shrinkage Sheet",IFERROR(IF(Shrinkage!G14="-",IF(H14<IFERROR(INDEX(Instructions!$B:$B,MATCH("Shrinkage Threshold FTE",Instructions!$A:$A,0)),10),IFERROR(INDEX(Instructions!$B:$B,MATCH("Shrinkage Less Than 10 FTEs",Instructions!$A:$A,0)),20%),IFERROR(INDEX(Instructions!$B:$B,MATCH("Shrinkage 10 Or More FTEs",Instructions!$A:$A,0)),12%)),Shrinkage!G14),IF(H14<IFERROR(INDEX(Instructions!$B:$B,MATCH("Shrinkage Threshold FTE",Instructions!$A:$A,0)),10),IFERROR(INDEX(Instructions!$B:$B,MATCH("Shrinkage Less Than 10 FTEs",Instructions!$A:$A,0)),20%),IFERROR(INDEX(Instructions!$B:$B,MATCH("Shrinkage 10 Or More FTEs",Instructions!$A:$A,0)),12%))),IF(H14<IFERROR(INDEX(Instructions!$B:$B,MATCH("Shrinkage Threshold FTE",Instructions!$A:$A,0)),10),IFERROR(INDEX(Instructions!$B:$B,MATCH("Shrinkage Less Than 10 FTEs",Instructions!$A:$A,0)),20%),IFERROR(INDEX(Instructions!$B:$B,MATCH("Shrinkage 10 Or More FTEs",Instructions!$A:$A,0)),12%)))))) | AJ14: =IF(I14="","",R14*(1-(IF(IFERROR(INDEX(Instructions!$B:$B,MATCH("Shrinkage Source",Instructions!$A:$A,0)),"Shrinkage Sheet")="Shrinkage Sheet",IFERROR(IF(Shrinkage!H14="-",IF(I14<IFERROR(INDEX(Instructions!$B:$B,MATCH("Shrinkage Threshold FTE",Instructions!$A:$A,0)),10),IFERROR(INDEX(Instructions!$B:$B,MATCH("Shrinkage Less Than 10 FTEs",Instructions!$A:$A,0)),20%),IFERROR(INDEX(Instructions!$B:$B,MATCH("Shrinkage 10 Or More FTEs",Instructions!$A:$A,0)),12%)),Shrinkage!H14),IF(I14<IFERROR(INDEX(Instructions!$B:$B,MATCH("Shrinkage Threshold FTE",Instructions!$A:$A,0)),10),IFERROR(INDEX(Instructions!$B:$B,MATCH("Shrinkage Less Than 10 FTEs",Instructions!$A:$A,0)),20%),IFERROR(INDEX(Instructions!$B:$B,MATCH("Shrinkage 10 Or More FTEs",Instructions!$A:$A,0)),12%))),IF(I14<IFERROR(INDEX(Instructions!$B:$B,MATCH("Shrinkage Threshold FTE",Instructions!$A:$A,0)),10),IFERROR(INDEX(Instructions!$B:$B,MATCH("Shrinkage Less Than 10 FTEs",Instructions!$A:$A,0)),20%),IFERROR(INDEX(Instructions!$B:$B,MATCH("Shrinkage 10 Or More FTEs",Instructions!$A:$A,0)),12%)))))) | AU14: 10:00 | AV14: =IFERROR(AD14/C14,"") | AW14: =IFERROR(AE14/D14,"") | AX14: =IFERROR(AF14/E14,"") | AY14: =IFERROR(AG14/F14,"") | AZ14: =IFERROR(AH14/G14,"") | BA14: =IFERROR(AI14/H14,"") | BB14: =IFERROR(AJ14/I14,"") | BD14: 10:00 | BE14: =IF(C14="","",IF(AV14>=Instructions!$B$15,1,0)) | BF14: =IF(D14="","",IF(AW14>=Instructions!$B$15,1,0)) | BG14: =IF(E14="","",IF(AX14>=Instructions!$B$15,1,0)) | BH14: =IF(F14="","",IF(AY14>=Instructions!$B$15,1,0)) | BI14: =IF(G14="","",IF(AZ14>=Instructions!$B$15,1,0)) | BJ14: =IF(H14="","",IF(BA14>=Instructions!$B$15,1,0)) | BK14: =IF(I14="","",IF(BB14>=Instructions!$B$15,1,0)) | BM14: 10:00 | BN14: =IF(C14="","",IF(AV14>=Instructions!$B$16,1,0)) | BO14: =IF(D14="","",IF(AW14>=Instructions!$B$16,1,0)) | BP14: =IF(E14="","",IF(AX14>=Instructions!$B$16,1,0)) | BQ14: =IF(F14="","",IF(AY14>=Instructions!$B$16,1,0)) | BR14: =IF(G14="","",IF(AZ14>=Instructions!$B$16,1,0)) | BS14: =IF(H14="","",IF(BA14>=Instructions!$B$16,1,0)) | BT14: =IF(I14="","",IF(BB14>=Instructions!$B$16,1,0)) | BV14: 10:00 | BW14: =IF(C14="","",IF(ROUND(AV14,6)>=ROUND(Instructions!$B$16-Instructions!$B$17,6),1,0)) | BX14: =IF(D14="","",IF(ROUND(AW14,6)>=ROUND(Instructions!$B$16-Instructions!$B$17,6),1,0)) | BY14: =IF(E14="","",IF(ROUND(AX14,6)>=ROUND(Instructions!$B$16-Instructions!$B$17,6),1,0)) | BZ14: =IF(F14="","",IF(ROUND(AY14,6)>=ROUND(Instructions!$B$16-Instructions!$B$17,6),1,0)) | CA14: =IF(G14="","",IF(ROUND(AZ14,6)>=ROUND(Instructions!$B$16-Instructions!$B$17,6),1,0)) | CB14: =IF(H14="","",IF(ROUND(BA14,6)>=ROUND(Instructions!$B$16-Instructions!$B$17,6),1,0)) | CC14: =IF(I14="","",IF(ROUND(BB14,6)>=ROUND(Instructions!$B$16-Instructions!$B$17,6),1,0)) | CF14: 10:00 | CG14: =IF(C14="","",AD14-C14) | CH14: =IF(D14="","",AE14-D14) | CI14: =IF(E14="","",AF14-E14) | CJ14: =IF(F14="","",AG14-F14) | CK14: =IF(G14="","",AH14-G14) | CL14: =IF(H14="","",AI14-H14) | CM14: =IF(I14="","",AJ14-I14)
B15: 11:00 | K15: 11:00 | L15: =IF(C15="","",COUNTIFS('Scheduler Engine'!$N$2:$N$1751,1,'Scheduler Engine'!$L$2:$L$1751,"<="&((0)*24+VALUE(LEFT($K15,2))),'Scheduler Engine'!$M$2:$M$1751,">"&((0)*24+VALUE(LEFT($K15,2))))+COUNTIFS('Previous Engine'!$K$2:$K$251,1,'Previous Engine'!$H$2:$H$251,"<="&VALUE(LEFT($K15,2)),'Previous Engine'!$I$2:$I$251,">"&VALUE(LEFT($K15,2)))) | M15: =IF(D15="","",COUNTIFS('Scheduler Engine'!$N$2:$N$1751,1,'Scheduler Engine'!$L$2:$L$1751,"<="&((1)*24+VALUE(LEFT($K15,2))),'Scheduler Engine'!$M$2:$M$1751,">"&((1)*24+VALUE(LEFT($K15,2))))) | N15: =IF(E15="","",COUNTIFS('Scheduler Engine'!$N$2:$N$1751,1,'Scheduler Engine'!$L$2:$L$1751,"<="&((2)*24+VALUE(LEFT($K15,2))),'Scheduler Engine'!$M$2:$M$1751,">"&((2)*24+VALUE(LEFT($K15,2))))) | O15: =IF(F15="","",COUNTIFS('Scheduler Engine'!$N$2:$N$1751,1,'Scheduler Engine'!$L$2:$L$1751,"<="&((3)*24+VALUE(LEFT($K15,2))),'Scheduler Engine'!$M$2:$M$1751,">"&((3)*24+VALUE(LEFT($K15,2))))) | P15: =IF(G15="","",COUNTIFS('Scheduler Engine'!$N$2:$N$1751,1,'Scheduler Engine'!$L$2:$L$1751,"<="&((4)*24+VALUE(LEFT($K15,2))),'Scheduler Engine'!$M$2:$M$1751,">"&((4)*24+VALUE(LEFT($K15,2))))) | Q15: =IF(H15="","",COUNTIFS('Scheduler Engine'!$N$2:$N$1751,1,'Scheduler Engine'!$L$2:$L$1751,"<="&((5)*24+VALUE(LEFT($K15,2))),'Scheduler Engine'!$M$2:$M$1751,">"&((5)*24+VALUE(LEFT($K15,2))))) | R15: =IF(I15="","",COUNTIFS('Scheduler Engine'!$N$2:$N$1751,1,'Scheduler Engine'!$L$2:$L$1751,"<="&((6)*24+VALUE(LEFT($K15,2))),'Scheduler Engine'!$M$2:$M$1751,">"&((6)*24+VALUE(LEFT($K15,2))))) | AC15: 11:00 | AD15: =IF(C15="","",L15*(1-(IF(IFERROR(INDEX(Instructions!$B:$B,MATCH("Shrinkage Source",Instructions!$A:$A,0)),"Shrinkage Sheet")="Shrinkage Sheet",IFERROR(IF(Shrinkage!B15="-",IF(C15<IFERROR(INDEX(Instructions!$B:$B,MATCH("Shrinkage Threshold FTE",Instructions!$A:$A,0)),10),IFERROR(INDEX(Instructions!$B:$B,MATCH("Shrinkage Less Than 10 FTEs",Instructions!$A:$A,0)),20%),IFERROR(INDEX(Instructions!$B:$B,MATCH("Shrinkage 10 Or More FTEs",Instructions!$A:$A,0)),12%)),Shrinkage!B15),IF(C15<IFERROR(INDEX(Instructions!$B:$B,MATCH("Shrinkage Threshold FTE",Instructions!$A:$A,0)),10),IFERROR(INDEX(Instructions!$B:$B,MATCH("Shrinkage Less Than 10 FTEs",Instructions!$A:$A,0)),20%),IFERROR(INDEX(Instructions!$B:$B,MATCH("Shrinkage 10 Or More FTEs",Instructions!$A:$A,0)),12%))),IF(C15<IFERROR(INDEX(Instructions!$B:$B,MATCH("Shrinkage Threshold FTE",Instructions!$A:$A,0)),10),IFERROR(INDEX(Instructions!$B:$B,MATCH("Shrinkage Less Than 10 FTEs",Instructions!$A:$A,0)),20%),IFERROR(INDEX(Instructions!$B:$B,MATCH("Shrinkage 10 Or More FTEs",Instructions!$A:$A,0)),12%)))))) | AE15: =IF(D15="","",M15*(1-(IF(IFERROR(INDEX(Instructions!$B:$B,MATCH("Shrinkage Source",Instructions!$A:$A,0)),"Shrinkage Sheet")="Shrinkage Sheet",IFERROR(IF(Shrinkage!C15="-",IF(D15<IFERROR(INDEX(Instructions!$B:$B,MATCH("Shrinkage Threshold FTE",Instructions!$A:$A,0)),10),IFERROR(INDEX(Instructions!$B:$B,MATCH("Shrinkage Less Than 10 FTEs",Instructions!$A:$A,0)),20%),IFERROR(INDEX(Instructions!$B:$B,MATCH("Shrinkage 10 Or More FTEs",Instructions!$A:$A,0)),12%)),Shrinkage!C15),IF(D15<IFERROR(INDEX(Instructions!$B:$B,MATCH("Shrinkage Threshold FTE",Instructions!$A:$A,0)),10),IFERROR(INDEX(Instructions!$B:$B,MATCH("Shrinkage Less Than 10 FTEs",Instructions!$A:$A,0)),20%),IFERROR(INDEX(Instructions!$B:$B,MATCH("Shrinkage 10 Or More FTEs",Instructions!$A:$A,0)),12%))),IF(D15<IFERROR(INDEX(Instructions!$B:$B,MATCH("Shrinkage Threshold FTE",Instructions!$A:$A,0)),10),IFERROR(INDEX(Instructions!$B:$B,MATCH("Shrinkage Less Than 10 FTEs",Instructions!$A:$A,0)),20%),IFERROR(INDEX(Instructions!$B:$B,MATCH("Shrinkage 10 Or More FTEs",Instructions!$A:$A,0)),12%)))))) | AF15: =IF(E15="","",N15*(1-(IF(IFERROR(INDEX(Instructions!$B:$B,MATCH("Shrinkage Source",Instructions!$A:$A,0)),"Shrinkage Sheet")="Shrinkage Sheet",IFERROR(IF(Shrinkage!D15="-",IF(E15<IFERROR(INDEX(Instructions!$B:$B,MATCH("Shrinkage Threshold FTE",Instructions!$A:$A,0)),10),IFERROR(INDEX(Instructions!$B:$B,MATCH("Shrinkage Less Than 10 FTEs",Instructions!$A:$A,0)),20%),IFERROR(INDEX(Instructions!$B:$B,MATCH("Shrinkage 10 Or More FTEs",Instructions!$A:$A,0)),12%)),Shrinkage!D15),IF(E15<IFERROR(INDEX(Instructions!$B:$B,MATCH("Shrinkage Threshold FTE",Instructions!$A:$A,0)),10),IFERROR(INDEX(Instructions!$B:$B,MATCH("Shrinkage Less Than 10 FTEs",Instructions!$A:$A,0)),20%),IFERROR(INDEX(Instructions!$B:$B,MATCH("Shrinkage 10 Or More FTEs",Instructions!$A:$A,0)),12%))),IF(E15<IFERROR(INDEX(Instructions!$B:$B,MATCH("Shrinkage Threshold FTE",Instructions!$A:$A,0)),10),IFERROR(INDEX(Instructions!$B:$B,MATCH("Shrinkage Less Than 10 FTEs",Instructions!$A:$A,0)),20%),IFERROR(INDEX(Instructions!$B:$B,MATCH("Shrinkage 10 Or More FTEs",Instructions!$A:$A,0)),12%)))))) | AG15: =IF(F15="","",O15*(1-(IF(IFERROR(INDEX(Instructions!$B:$B,MATCH("Shrinkage Source",Instructions!$A:$A,0)),"Shrinkage Sheet")="Shrinkage Sheet",IFERROR(IF(Shrinkage!E15="-",IF(F15<IFERROR(INDEX(Instructions!$B:$B,MATCH("Shrinkage Threshold FTE",Instructions!$A:$A,0)),10),IFERROR(INDEX(Instructions!$B:$B,MATCH("Shrinkage Less Than 10 FTEs",Instructions!$A:$A,0)),20%),IFERROR(INDEX(Instructions!$B:$B,MATCH("Shrinkage 10 Or More FTEs",Instructions!$A:$A,0)),12%)),Shrinkage!E15),IF(F15<IFERROR(INDEX(Instructions!$B:$B,MATCH("Shrinkage Threshold FTE",Instructions!$A:$A,0)),10),IFERROR(INDEX(Instructions!$B:$B,MATCH("Shrinkage Less Than 10 FTEs",Instructions!$A:$A,0)),20%),IFERROR(INDEX(Instructions!$B:$B,MATCH("Shrinkage 10 Or More FTEs",Instructions!$A:$A,0)),12%))),IF(F15<IFERROR(INDEX(Instructions!$B:$B,MATCH("Shrinkage Threshold FTE",Instructions!$A:$A,0)),10),IFERROR(INDEX(Instructions!$B:$B,MATCH("Shrinkage Less Than 10 FTEs",Instructions!$A:$A,0)),20%),IFERROR(INDEX(Instructions!$B:$B,MATCH("Shrinkage 10 Or More FTEs",Instructions!$A:$A,0)),12%)))))) | AH15: =IF(G15="","",P15*(1-(IF(IFERROR(INDEX(Instructions!$B:$B,MATCH("Shrinkage Source",Instructions!$A:$A,0)),"Shrinkage Sheet")="Shrinkage Sheet",IFERROR(IF(Shrinkage!F15="-",IF(G15<IFERROR(INDEX(Instructions!$B:$B,MATCH("Shrinkage Threshold FTE",Instructions!$A:$A,0)),10),IFERROR(INDEX(Instructions!$B:$B,MATCH("Shrinkage Less Than 10 FTEs",Instructions!$A:$A,0)),20%),IFERROR(INDEX(Instructions!$B:$B,MATCH("Shrinkage 10 Or More FTEs",Instructions!$A:$A,0)),12%)),Shrinkage!F15),IF(G15<IFERROR(INDEX(Instructions!$B:$B,MATCH("Shrinkage Threshold FTE",Instructions!$A:$A,0)),10),IFERROR(INDEX(Instructions!$B:$B,MATCH("Shrinkage Less Than 10 FTEs",Instructions!$A:$A,0)),20%),IFERROR(INDEX(Instructions!$B:$B,MATCH("Shrinkage 10 Or More FTEs",Instructions!$A:$A,0)),12%))),IF(G15<IFERROR(INDEX(Instructions!$B:$B,MATCH("Shrinkage Threshold FTE",Instructions!$A:$A,0)),10),IFERROR(INDEX(Instructions!$B:$B,MATCH("Shrinkage Less Than 10 FTEs",Instructions!$A:$A,0)),20%),IFERROR(INDEX(Instructions!$B:$B,MATCH("Shrinkage 10 Or More FTEs",Instructions!$A:$A,0)),12%)))))) | AI15: =IF(H15="","",Q15*(1-(IF(IFERROR(INDEX(Instructions!$B:$B,MATCH("Shrinkage Source",Instructions!$A:$A,0)),"Shrinkage Sheet")="Shrinkage Sheet",IFERROR(IF(Shrinkage!G15="-",IF(H15<IFERROR(INDEX(Instructions!$B:$B,MATCH("Shrinkage Threshold FTE",Instructions!$A:$A,0)),10),IFERROR(INDEX(Instructions!$B:$B,MATCH("Shrinkage Less Than 10 FTEs",Instructions!$A:$A,0)),20%),IFERROR(INDEX(Instructions!$B:$B,MATCH("Shrinkage 10 Or More FTEs",Instructions!$A:$A,0)),12%)),Shrinkage!G15),IF(H15<IFERROR(INDEX(Instructions!$B:$B,MATCH("Shrinkage Threshold FTE",Instructions!$A:$A,0)),10),IFERROR(INDEX(Instructions!$B:$B,MATCH("Shrinkage Less Than 10 FTEs",Instructions!$A:$A,0)),20%),IFERROR(INDEX(Instructions!$B:$B,MATCH("Shrinkage 10 Or More FTEs",Instructions!$A:$A,0)),12%))),IF(H15<IFERROR(INDEX(Instructions!$B:$B,MATCH("Shrinkage Threshold FTE",Instructions!$A:$A,0)),10),IFERROR(INDEX(Instructions!$B:$B,MATCH("Shrinkage Less Than 10 FTEs",Instructions!$A:$A,0)),20%),IFERROR(INDEX(Instructions!$B:$B,MATCH("Shrinkage 10 Or More FTEs",Instructions!$A:$A,0)),12%)))))) | AJ15: =IF(I15="","",R15*(1-(IF(IFERROR(INDEX(Instructions!$B:$B,MATCH("Shrinkage Source",Instructions!$A:$A,0)),"Shrinkage Sheet")="Shrinkage Sheet",IFERROR(IF(Shrinkage!H15="-",IF(I15<IFERROR(INDEX(Instructions!$B:$B,MATCH("Shrinkage Threshold FTE",Instructions!$A:$A,0)),10),IFERROR(INDEX(Instructions!$B:$B,MATCH("Shrinkage Less Than 10 FTEs",Instructions!$A:$A,0)),20%),IFERROR(INDEX(Instructions!$B:$B,MATCH("Shrinkage 10 Or More FTEs",Instructions!$A:$A,0)),12%)),Shrinkage!H15),IF(I15<IFERROR(INDEX(Instructions!$B:$B,MATCH("Shrinkage Threshold FTE",Instructions!$A:$A,0)),10),IFERROR(INDEX(Instructions!$B:$B,MATCH("Shrinkage Less Than 10 FTEs",Instructions!$A:$A,0)),20%),IFERROR(INDEX(Instructions!$B:$B,MATCH("Shrinkage 10 Or More FTEs",Instructions!$A:$A,0)),12%))),IF(I15<IFERROR(INDEX(Instructions!$B:$B,MATCH("Shrinkage Threshold FTE",Instructions!$A:$A,0)),10),IFERROR(INDEX(Instructions!$B:$B,MATCH("Shrinkage Less Than 10 FTEs",Instructions!$A:$A,0)),20%),IFERROR(INDEX(Instructions!$B:$B,MATCH("Shrinkage 10 Or More FTEs",Instructions!$A:$A,0)),12%)))))) | AU15: 11:00 | AV15: =IFERROR(AD15/C15,"") | AW15: =IFERROR(AE15/D15,"") | AX15: =IFERROR(AF15/E15,"") | AY15: =IFERROR(AG15/F15,"") | AZ15: =IFERROR(AH15/G15,"") | BA15: =IFERROR(AI15/H15,"") | BB15: =IFERROR(AJ15/I15,"") | BD15: 11:00 | BE15: =IF(C15="","",IF(AV15>=Instructions!$B$15,1,0)) | BF15: =IF(D15="","",IF(AW15>=Instructions!$B$15,1,0)) | BG15: =IF(E15="","",IF(AX15>=Instructions!$B$15,1,0)) | BH15: =IF(F15="","",IF(AY15>=Instructions!$B$15,1,0)) | BI15: =IF(G15="","",IF(AZ15>=Instructions!$B$15,1,0)) | BJ15: =IF(H15="","",IF(BA15>=Instructions!$B$15,1,0)) | BK15: =IF(I15="","",IF(BB15>=Instructions!$B$15,1,0)) | BM15: 11:00 | BN15: =IF(C15="","",IF(AV15>=Instructions!$B$16,1,0)) | BO15: =IF(D15="","",IF(AW15>=Instructions!$B$16,1,0)) | BP15: =IF(E15="","",IF(AX15>=Instructions!$B$16,1,0)) | BQ15: =IF(F15="","",IF(AY15>=Instructions!$B$16,1,0)) | BR15: =IF(G15="","",IF(AZ15>=Instructions!$B$16,1,0)) | BS15: =IF(H15="","",IF(BA15>=Instructions!$B$16,1,0)) | BT15: =IF(I15="","",IF(BB15>=Instructions!$B$16,1,0)) | BV15: 11:00 | BW15: =IF(C15="","",IF(ROUND(AV15,6)>=ROUND(Instructions!$B$16-Instructions!$B$17,6),1,0)) | BX15: =IF(D15="","",IF(ROUND(AW15,6)>=ROUND(Instructions!$B$16-Instructions!$B$17,6),1,0)) | BY15: =IF(E15="","",IF(ROUND(AX15,6)>=ROUND(Instructions!$B$16-Instructions!$B$17,6),1,0)) | BZ15: =IF(F15="","",IF(ROUND(AY15,6)>=ROUND(Instructions!$B$16-Instructions!$B$17,6),1,0)) | CA15: =IF(G15="","",IF(ROUND(AZ15,6)>=ROUND(Instructions!$B$16-Instructions!$B$17,6),1,0)) | CB15: =IF(H15="","",IF(ROUND(BA15,6)>=ROUND(Instructions!$B$16-Instructions!$B$17,6),1,0)) | CC15: =IF(I15="","",IF(ROUND(BB15,6)>=ROUND(Instructions!$B$16-Instructions!$B$17,6),1,0)) | CF15: 11:00 | CG15: =IF(C15="","",AD15-C15) | CH15: =IF(D15="","",AE15-D15) | CI15: =IF(E15="","",AF15-E15) | CJ15: =IF(F15="","",AG15-F15) | CK15: =IF(G15="","",AH15-G15) | CL15: =IF(H15="","",AI15-H15) | CM15: =IF(I15="","",AJ15-I15)
... B27: 23:00 | K27: 23:00 | L27: =IF(C27="","",COUNTIFS('Scheduler Engine'!$N$2:$N$1751,1,'Scheduler Engine'!$L$2:$L$1751,"<="&((0)*24+VALUE(LEFT($K27,2))),'Scheduler Engine'!$M$2:$M$1751,">"&((0)*24+VALUE(LEFT($K27,2))))+COUNTIFS('Previous Engine'!$K$2:$K$251,1,'Previous Engine'!$H$2:$H$251,"<="&VALUE(LEFT($K27,2)),'Previous Engine'!$I$2:$I$251,">"&VALUE(LEFT($K27,2)))) | M27: =IF(D27="","",COUNTIFS('Scheduler Engine'!$N$2:$N$1751,1,'Scheduler Engine'!$L$2:$L$1751,"<="&((1)*24+VALUE(LEFT($K27,2))),'Scheduler Engine'!$M$2:$M$1751,">"&((1)*24+VALUE(LEFT($K27,2))))) | N27: =IF(E27="","",COUNTIFS('Scheduler Engine'!$N$2:$N$1751,1,'Scheduler Engine'!$L$2:$L$1751,"<="&((2)*24+VALUE(LEFT($K27,2))),'Scheduler Engine'!$M$2:$M$1751,">"&((2)*24+VALUE(LEFT($K27,2))))) | O27: =IF(F27="","",COUNTIFS('Scheduler Engine'!$N$2:$N$1751,1,'Scheduler Engine'!$L$2:$L$1751,"<="&((3)*24+VALUE(LEFT($K27,2))),'Scheduler Engine'!$M$2:$M$1751,">"&((3)*24+VALUE(LEFT($K27,2))))) | P27: =IF(G27="","",COUNTIFS('Scheduler Engine'!$N$2:$N$1751,1,'Scheduler Engine'!$L$2:$L$1751,"<="&((4)*24+VALUE(LEFT($K27,2))),'Scheduler Engine'!$M$2:$M$1751,">"&((4)*24+VALUE(LEFT($K27,2))))) | Q27: =IF(H27="","",COUNTIFS('Scheduler Engine'!$N$2:$N$1751,1,'Scheduler Engine'!$L$2:$L$1751,"<="&((5)*24+VALUE(LEFT($K27,2))),'Scheduler Engine'!$M$2:$M$1751,">"&((5)*24+VALUE(LEFT($K27,2))))) | R27: =IF(I27="","",COUNTIFS('Scheduler Engine'!$N$2:$N$1751,1,'Scheduler Engine'!$L$2:$L$1751,"<="&((6)*24+VALUE(LEFT($K27,2))),'Scheduler Engine'!$M$2:$M$1751,">"&((6)*24+VALUE(LEFT($K27,2))))) | AC27: 23:00 | AD27: =IF(C27="","",L27*(1-(IF(IFERROR(INDEX(Instructions!$B:$B,MATCH("Shrinkage Source",Instructions!$A:$A,0)),"Shrinkage Sheet")="Shrinkage Sheet",IFERROR(IF(Shrinkage!B27="-",IF(C27<IFERROR(INDEX(Instructions!$B:$B,MATCH("Shrinkage Threshold FTE",Instructions!$A:$A,0)),10),IFERROR(INDEX(Instructions!$B:$B,MATCH("Shrinkage Less Than 10 FTEs",Instructions!$A:$A,0)),20%),IFERROR(INDEX(Instructions!$B:$B,MATCH("Shrinkage 10 Or More FTEs",Instructions!$A:$A,0)),12%)),Shrinkage!B27),IF(C27<IFERROR(INDEX(Instructions!$B:$B,MATCH("Shrinkage Threshold FTE",Instructions!$A:$A,0)),10),IFERROR(INDEX(Instructions!$B:$B,MATCH("Shrinkage Less Than 10 FTEs",Instructions!$A:$A,0)),20%),IFERROR(INDEX(Instructions!$B:$B,MATCH("Shrinkage 10 Or More FTEs",Instructions!$A:$A,0)),12%))),IF(C27<IFERROR(INDEX(Instructions!$B:$B,MATCH("Shrinkage Threshold FTE",Instructions!$A:$A,0)),10),IFERROR(INDEX(Instructions!$B:$B,MATCH("Shrinkage Less Than 10 FTEs",Instructions!$A:$A,0)),20%),IFERROR(INDEX(Instructions!$B:$B,MATCH("Shrinkage 10 Or More FTEs",Instructions!$A:$A,0)),12%)))))) | AE27: =IF(D27="","",M27*(1-(IF(IFERROR(INDEX(Instructions!$B:$B,MATCH("Shrinkage Source",Instructions!$A:$A,0)),"Shrinkage Sheet")="Shrinkage Sheet",IFERROR(IF(Shrinkage!C27="-",IF(D27<IFERROR(INDEX(Instructions!$B:$B,MATCH("Shrinkage Threshold FTE",Instructions!$A:$A,0)),10),IFERROR(INDEX(Instructions!$B:$B,MATCH("Shrinkage Less Than 10 FTEs",Instructions!$A:$A,0)),20%),IFERROR(INDEX(Instructions!$B:$B,MATCH("Shrinkage 10 Or More FTEs",Instructions!$A:$A,0)),12%)),Shrinkage!C27),IF(D27<IFERROR(INDEX(Instructions!$B:$B,MATCH("Shrinkage Threshold FTE",Instructions!$A:$A,0)),10),IFERROR(INDEX(Instructions!$B:$B,MATCH("Shrinkage Less Than 10 FTEs",Instructions!$A:$A,0)),20%),IFERROR(INDEX(Instructions!$B:$B,MATCH("Shrinkage 10 Or More FTEs",Instructions!$A:$A,0)),12%))),IF(D27<IFERROR(INDEX(Instructions!$B:$B,MATCH("Shrinkage Threshold FTE",Instructions!$A:$A,0)),10),IFERROR(INDEX(Instructions!$B:$B,MATCH("Shrinkage Less Than 10 FTEs",Instructions!$A:$A,0)),20%),IFERROR(INDEX(Instructions!$B:$B,MATCH("Shrinkage 10 Or More FTEs",Instructions!$A:$A,0)),12%)))))) | AF27: =IF(E27="","",N27*(1-(IF(IFERROR(INDEX(Instructions!$B:$B,MATCH("Shrinkage Source",Instructions!$A:$A,0)),"Shrinkage Sheet")="Shrinkage Sheet",IFERROR(IF(Shrinkage!D27="-",IF(E27<IFERROR(INDEX(Instructions!$B:$B,MATCH("Shrinkage Threshold FTE",Instructions!$A:$A,0)),10),IFERROR(INDEX(Instructions!$B:$B,MATCH("Shrinkage Less Than 10 FTEs",Instructions!$A:$A,0)),20%),IFERROR(INDEX(Instructions!$B:$B,MATCH("Shrinkage 10 Or More FTEs",Instructions!$A:$A,0)),12%)),Shrinkage!D27),IF(E27<IFERROR(INDEX(Instructions!$B:$B,MATCH("Shrinkage Threshold FTE",Instructions!$A:$A,0)),10),IFERROR(INDEX(Instructions!$B:$B,MATCH("Shrinkage Less Than 10 FTEs",Instructions!$A:$A,0)),20%),IFERROR(INDEX(Instructions!$B:$B,MATCH("Shrinkage 10 Or More FTEs",Instructions!$A:$A,0)),12%))),IF(E27<IFERROR(INDEX(Instructions!$B:$B,MATCH("Shrinkage Threshold FTE",Instructions!$A:$A,0)),10),IFERROR(INDEX(Instructions!$B:$B,MATCH("Shrinkage Less Than 10 FTEs",Instructions!$A:$A,0)),20%),IFERROR(INDEX(Instructions!$B:$B,MATCH("Shrinkage 10 Or More FTEs",Instructions!$A:$A,0)),12%)))))) | AG27: =IF(F27="","",O27*(1-(IF(IFERROR(INDEX(Instructions!$B:$B,MATCH("Shrinkage Source",Instructions!$A:$A,0)),"Shrinkage Sheet")="Shrinkage Sheet",IFERROR(IF(Shrinkage!E27="-",IF(F27<IFERROR(INDEX(Instructions!$B:$B,MATCH("Shrinkage Threshold FTE",Instructions!$A:$A,0)),10),IFERROR(INDEX(Instructions!$B:$B,MATCH("Shrinkage Less Than 10 FTEs",Instructions!$A:$A,0)),20%),IFERROR(INDEX(Instructions!$B:$B,MATCH("Shrinkage 10 Or More FTEs",Instructions!$A:$A,0)),12%)),Shrinkage!E27),IF(F27<IFERROR(INDEX(Instructions!$B:$B,MATCH("Shrinkage Threshold FTE",Instructions!$A:$A,0)),10),IFERROR(INDEX(Instructions!$B:$B,MATCH("Shrinkage Less Than 10 FTEs",Instructions!$A:$A,0)),20%),IFERROR(INDEX(Instructions!$B:$B,MATCH("Shrinkage 10 Or More FTEs",Instructions!$A:$A,0)),12%))),IF(F27<IFERROR(INDEX(Instructions!$B:$B,MATCH("Shrinkage Threshold FTE",Instructions!$A:$A,0)),10),IFERROR(INDEX(Instructions!$B:$B,MATCH("Shrinkage Less Than 10 FTEs",Instructions!$A:$A,0)),20%),IFERROR(INDEX(Instructions!$B:$B,MATCH("Shrinkage 10 Or More FTEs",Instructions!$A:$A,0)),12%)))))) | AH27: =IF(G27="","",P27*(1-(IF(IFERROR(INDEX(Instructions!$B:$B,MATCH("Shrinkage Source",Instructions!$A:$A,0)),"Shrinkage Sheet")="Shrinkage Sheet",IFERROR(IF(Shrinkage!F27="-",IF(G27<IFERROR(INDEX(Instructions!$B:$B,MATCH("Shrinkage Threshold FTE",Instructions!$A:$A,0)),10),IFERROR(INDEX(Instructions!$B:$B,MATCH("Shrinkage Less Than 10 FTEs",Instructions!$A:$A,0)),20%),IFERROR(INDEX(Instructions!$B:$B,MATCH("Shrinkage 10 Or More FTEs",Instructions!$A:$A,0)),12%)),Shrinkage!F27),IF(G27<IFERROR(INDEX(Instructions!$B:$B,MATCH("Shrinkage Threshold FTE",Instructions!$A:$A,0)),10),IFERROR(INDEX(Instructions!$B:$B,MATCH("Shrinkage Less Than 10 FTEs",Instructions!$A:$A,0)),20%),IFERROR(INDEX(Instructions!$B:$B,MATCH("Shrinkage 10 Or More FTEs",Instructions!$A:$A,0)),12%))),IF(G27<IFERROR(INDEX(Instructions!$B:$B,MATCH("Shrinkage Threshold FTE",Instructions!$A:$A,0)),10),IFERROR(INDEX(Instructions!$B:$B,MATCH("Shrinkage Less Than 10 FTEs",Instructions!$A:$A,0)),20%),IFERROR(INDEX(Instructions!$B:$B,MATCH("Shrinkage 10 Or More FTEs",Instructions!$A:$A,0)),12%)))))) | AI27: =IF(H27="","",Q27*(1-(IF(IFERROR(INDEX(Instructions!$B:$B,MATCH("Shrinkage Source",Instructions!$A:$A,0)),"Shrinkage Sheet")="Shrinkage Sheet",IFERROR(IF(Shrinkage!G27="-",IF(H27<IFERROR(INDEX(Instructions!$B:$B,MATCH("Shrinkage Threshold FTE",Instructions!$A:$A,0)),10),IFERROR(INDEX(Instructions!$B:$B,MATCH("Shrinkage Less Than 10 FTEs",Instructions!$A:$A,0)),20%),IFERROR(INDEX(Instructions!$B:$B,MATCH("Shrinkage 10 Or More FTEs",Instructions!$A:$A,0)),12%)),Shrinkage!G27),IF(H27<IFERROR(INDEX(Instructions!$B:$B,MATCH("Shrinkage Threshold FTE",Instructions!$A:$A,0)),10),IFERROR(INDEX(Instructions!$B:$B,MATCH("Shrinkage Less Than 10 FTEs",Instructions!$A:$A,0)),20%),IFERROR(INDEX(Instructions!$B:$B,MATCH("Shrinkage 10 Or More FTEs",Instructions!$A:$A,0)),12%))),IF(H27<IFERROR(INDEX(Instructions!$B:$B,MATCH("Shrinkage Threshold FTE",Instructions!$A:$A,0)),10),IFERROR(INDEX(Instructions!$B:$B,MATCH("Shrinkage Less Than 10 FTEs",Instructions!$A:$A,0)),20%),IFERROR(INDEX(Instructions!$B:$B,MATCH("Shrinkage 10 Or More FTEs",Instructions!$A:$A,0)),12%)))))) | AJ27: =IF(I27="","",R27*(1-(IF(IFERROR(INDEX(Instructions!$B:$B,MATCH("Shrinkage Source",Instructions!$A:$A,0)),"Shrinkage Sheet")="Shrinkage Sheet",IFERROR(IF(Shrinkage!H27="-",IF(I27<IFERROR(INDEX(Instructions!$B:$B,MATCH("Shrinkage Threshold FTE",Instructions!$A:$A,0)),10),IFERROR(INDEX(Instructions!$B:$B,MATCH("Shrinkage Less Than 10 FTEs",Instructions!$A:$A,0)),20%),IFERROR(INDEX(Instructions!$B:$B,MATCH("Shrinkage 10 Or More FTEs",Instructions!$A:$A,0)),12%)),Shrinkage!H27),IF(I27<IFERROR(INDEX(Instructions!$B:$B,MATCH("Shrinkage Threshold FTE",Instructions!$A:$A,0)),10),IFERROR(INDEX(Instructions!$B:$B,MATCH("Shrinkage Less Than 10 FTEs",Instructions!$A:$A,0)),20%),IFERROR(INDEX(Instructions!$B:$B,MATCH("Shrinkage 10 Or More FTEs",Instructions!$A:$A,0)),12%))),IF(I27<IFERROR(INDEX(Instructions!$B:$B,MATCH("Shrinkage Threshold FTE",Instructions!$A:$A,0)),10),IFERROR(INDEX(Instructions!$B:$B,MATCH("Shrinkage Less Than 10 FTEs",Instructions!$A:$A,0)),20%),IFERROR(INDEX(Instructions!$B:$B,MATCH("Shrinkage 10 Or More FTEs",Instructions!$A:$A,0)),12%)))))) | AU27: 23:00 | AV27: =IFERROR(AD27/C27,"") | AW27: =IFERROR(AE27/D27,"") | AX27: =IFERROR(AF27/E27,"") | AY27: =IFERROR(AG27/F27,"") | AZ27: =IFERROR(AH27/G27,"") | BA27: =IFERROR(AI27/H27,"") | BB27: =IFERROR(AJ27/I27,"") | BD27: 23:00 | BE27: =IF(C27="","",IF(AV27>=Instructions!$B$15,1,0)) | BF27: =IF(D27="","",IF(AW27>=Instructions!$B$15,1,0)) | BG27: =IF(E27="","",IF(AX27>=Instructions!$B$15,1,0)) | BH27: =IF(F27="","",IF(AY27>=Instructions!$B$15,1,0)) | BI27: =IF(G27="","",IF(AZ27>=Instructions!$B$15,1,0)) | BJ27: =IF(H27="","",IF(BA27>=Instructions!$B$15,1,0)) | BK27: =IF(I27="","",IF(BB27>=Instructions!$B$15,1,0)) | BM27: 23:00 | BN27: =IF(C27="","",IF(AV27>=Instructions!$B$16,1,0)) | BO27: =IF(D27="","",IF(AW27>=Instructions!$B$16,1,0)) | BP27: =IF(E27="","",IF(AX27>=Instructions!$B$16,1,0)) | BQ27: =IF(F27="","",IF(AY27>=Instructions!$B$16,1,0)) | BR27: =IF(G27="","",IF(AZ27>=Instructions!$B$16,1,0)) | BS27: =IF(H27="","",IF(BA27>=Instructions!$B$16,1,0)) | BT27: =IF(I27="","",IF(BB27>=Instructions!$B$16,1,0)) | BV27: 23:00 | BW27: =IF(C27="","",IF(ROUND(AV27,6)>=ROUND(Instructions!$B$16-Instructions!$B$17,6),1,0)) | BX27: =IF(D27="","",IF(ROUND(AW27,6)>=ROUND(Instructions!$B$16-Instructions!$B$17,6),1,0)) | BY27: =IF(E27="","",IF(ROUND(AX27,6)>=ROUND(Instructions!$B$16-Instructions!$B$17,6),1,0)) | BZ27: =IF(F27="","",IF(ROUND(AY27,6)>=ROUND(Instructions!$B$16-Instructions!$B$17,6),1,0)) | CA27: =IF(G27="","",IF(ROUND(AZ27,6)>=ROUND(Instructions!$B$16-Instructions!$B$17,6),1,0)) | CB27: =IF(H27="","",IF(ROUND(BA27,6)>=ROUND(Instructions!$B$16-Instructions!$B$17,6),1,0)) | CC27: =IF(I27="","",IF(ROUND(BB27,6)>=ROUND(Instructions!$B$16-Instructions!$B$17,6),1,0)) | CF27: 23:00 | CG27: =IF(C27="","",AD27-C27) | CH27: =IF(D27="","",AE27-D27) | CI27: =IF(E27="","",AF27-E27) | CJ27: =IF(F27="","",AG27-F27) | CK27: =IF(G27="","",AH27-G27) | CL27: =IF(H27="","",AI27-H27) | CM27: =IF(I27="","",AJ27-I27)

Sheet FT Wise After Breaks
B1: Required FTEs | K1: Break FTEs Deducted | T1: Staffed FTEs After Breaks and Shrinkage | AC1: Actual / Required % After Breaks
B2: Interval | C2: Sun | D2: Mon | E2: Tue | F2: Wed | G2: Thu | H2: Fri | I2: Sat | K2: Interval | L2: Sun | M2: Mon | N2: Tue | O2: Wed | P2: Thu | Q2: Fri | R2: Sat | T2: Interval | U2: Sun | V2: Mon | W2: Tue | X2: Wed | Y2: Thu | Z2: Fri | AA2: Sat | AC2: Interval | AD2: Sun | AE2: Mon | AF2: Tue | AG2: Wed | AH2: Thu | AI2: Fri | AJ2: Sat
B3: Interval | C3: 28-Jun | D3: 29-Jun | E3: 30-Jun | F3: 1-Jul | G3: 2-Jul | H3: 3-Jul | I3: 4-Jul | K3: Interval | L3: 28-Jun | M3: 29-Jun | N3: 30-Jun | O3: 1-Jul | P3: 2-Jul | Q3: 3-Jul | R3: 4-Jul | T3: Interval | U3: 28-Jun | V3: 29-Jun | W3: 30-Jun | X3: 1-Jul | Y3: 2-Jul | Z3: 3-Jul | AA3: 4-Jul | AC3: Interval | AD3: 28-Jun | AE3: 29-Jun | AF3: 30-Jun | AG3: 1-Jul | AH3: 2-Jul | AI3: 3-Jul | AJ3: 4-Jul
B4: 00:00 | K4: 00:00 | L4: =IF(C4="","",SUMIFS('Break Schedule'!$I:$I,'Break Schedule'!$J:$J,"<"&(((0)*24+VALUE(LEFT($B4,2)))+1),'Break Schedule'!$K:$K,">"&((0)*24+VALUE(LEFT($B4,2))))) | M4: =IF(D4="","",SUMIFS('Break Schedule'!$I:$I,'Break Schedule'!$J:$J,"<"&(((1)*24+VALUE(LEFT($B4,2)))+1),'Break Schedule'!$K:$K,">"&((1)*24+VALUE(LEFT($B4,2))))) | N4: =IF(E4="","",SUMIFS('Break Schedule'!$I:$I,'Break Schedule'!$J:$J,"<"&(((2)*24+VALUE(LEFT($B4,2)))+1),'Break Schedule'!$K:$K,">"&((2)*24+VALUE(LEFT($B4,2))))) | O4: =IF(F4="","",SUMIFS('Break Schedule'!$I:$I,'Break Schedule'!$J:$J,"<"&(((3)*24+VALUE(LEFT($B4,2)))+1),'Break Schedule'!$K:$K,">"&((3)*24+VALUE(LEFT($B4,2))))) | P4: =IF(G4="","",SUMIFS('Break Schedule'!$I:$I,'Break Schedule'!$J:$J,"<"&(((4)*24+VALUE(LEFT($B4,2)))+1),'Break Schedule'!$K:$K,">"&((4)*24+VALUE(LEFT($B4,2))))) | Q4: =IF(H4="","",SUMIFS('Break Schedule'!$I:$I,'Break Schedule'!$J:$J,"<"&(((5)*24+VALUE(LEFT($B4,2)))+1),'Break Schedule'!$K:$K,">"&((5)*24+VALUE(LEFT($B4,2))))) | R4: =IF(I4="","",SUMIFS('Break Schedule'!$I:$I,'Break Schedule'!$J:$J,"<"&(((6)*24+VALUE(LEFT($B4,2)))+1),'Break Schedule'!$K:$K,">"&((6)*24+VALUE(LEFT($B4,2))))) | T4: 00:00 | U4: =IF(C4="","",MAX(0,'FT Wise'!AD4-L4*(1-(IF(IFERROR(INDEX(Instructions!$B:$B,MATCH("Shrinkage Source",Instructions!$A:$A,0)),"Shrinkage Sheet")="Shrinkage Sheet",IFERROR(IF(Shrinkage!B4="-",IF(C4<IFERROR(INDEX(Instructions!$B:$B,MATCH("Shrinkage Threshold FTE",Instructions!$A:$A,0)),10),IFERROR(INDEX(Instructions!$B:$B,MATCH("Shrinkage Less Than 10 FTEs",Instructions!$A:$A,0)),20%),IFERROR(INDEX(Instructions!$B:$B,MATCH("Shrinkage 10 Or More FTEs",Instructions!$A:$A,0)),12%)),Shrinkage!B4),IF(C4<IFERROR(INDEX(Instructions!$B:$B,MATCH("Shrinkage Threshold FTE",Instructions!$A:$A,0)),10),IFERROR(INDEX(Instructions!$B:$B,MATCH("Shrinkage Less Than 10 FTEs",Instructions!$A:$A,0)),20%),IFERROR(INDEX(Instructions!$B:$B,MATCH("Shrinkage 10 Or More FTEs",Instructions!$A:$A,0)),12%))),IF(C4<IFERROR(INDEX(Instructions!$B:$B,MATCH("Shrinkage Threshold FTE",Instructions!$A:$A,0)),10),IFERROR(INDEX(Instructions!$B:$B,MATCH("Shrinkage Less Than 10 FTEs",Instructions!$A:$A,0)),20%),IFERROR(INDEX(Instructions!$B:$B,MATCH("Shrinkage 10 Or More FTEs",Instructions!$A:$A,0)),12%))))))) | V4: =IF(D4="","",MAX(0,'FT Wise'!AE4-M4*(1-(IF(IFERROR(INDEX(Instructions!$B:$B,MATCH("Shrinkage Source",Instructions!$A:$A,0)),"Shrinkage Sheet")="Shrinkage Sheet",IFERROR(IF(Shrinkage!C4="-",IF(D4<IFERROR(INDEX(Instructions!$B:$B,MATCH("Shrinkage Threshold FTE",Instructions!$A:$A,0)),10),IFERROR(INDEX(Instructions!$B:$B,MATCH("Shrinkage Less Than 10 FTEs",Instructions!$A:$A,0)),20%),IFERROR(INDEX(Instructions!$B:$B,MATCH("Shrinkage 10 Or More FTEs",Instructions!$A:$A,0)),12%)),Shrinkage!C4),IF(D4<IFERROR(INDEX(Instructions!$B:$B,MATCH("Shrinkage Threshold FTE",Instructions!$A:$A,0)),10),IFERROR(INDEX(Instructions!$B:$B,MATCH("Shrinkage Less Than 10 FTEs",Instructions!$A:$A,0)),20%),IFERROR(INDEX(Instructions!$B:$B,MATCH("Shrinkage 10 Or More FTEs",Instructions!$A:$A,0)),12%))),IF(D4<IFERROR(INDEX(Instructions!$B:$B,MATCH("Shrinkage Threshold FTE",Instructions!$A:$A,0)),10),IFERROR(INDEX(Instructions!$B:$B,MATCH("Shrinkage Less Than 10 FTEs",Instructions!$A:$A,0)),20%),IFERROR(INDEX(Instructions!$B:$B,MATCH("Shrinkage 10 Or More FTEs",Instructions!$A:$A,0)),12%))))))) | W4: =IF(E4="","",MAX(0,'FT Wise'!AF4-N4*(1-(IF(IFERROR(INDEX(Instructions!$B:$B,MATCH("Shrinkage Source",Instructions!$A:$A,0)),"Shrinkage Sheet")="Shrinkage Sheet",IFERROR(IF(Shrinkage!D4="-",IF(E4<IFERROR(INDEX(Instructions!$B:$B,MATCH("Shrinkage Threshold FTE",Instructions!$A:$A,0)),10),IFERROR(INDEX(Instructions!$B:$B,MATCH("Shrinkage Less Than 10 FTEs",Instructions!$A:$A,0)),20%),IFERROR(INDEX(Instructions!$B:$B,MATCH("Shrinkage 10 Or More FTEs",Instructions!$A:$A,0)),12%)),Shrinkage!D4),IF(E4<IFERROR(INDEX(Instructions!$B:$B,MATCH("Shrinkage Threshold FTE",Instructions!$A:$A,0)),10),IFERROR(INDEX(Instructions!$B:$B,MATCH("Shrinkage Less Than 10 FTEs",Instructions!$A:$A,0)),20%),IFERROR(INDEX(Instructions!$B:$B,MATCH("Shrinkage 10 Or More FTEs",Instructions!$A:$A,0)),12%))),IF(E4<IFERROR(INDEX(Instructions!$B:$B,MATCH("Shrinkage Threshold FTE",Instructions!$A:$A,0)),10),IFERROR(INDEX(Instructions!$B:$B,MATCH("Shrinkage Less Than 10 FTEs",Instructions!$A:$A,0)),20%),IFERROR(INDEX(Instructions!$B:$B,MATCH("Shrinkage 10 Or More FTEs",Instructions!$A:$A,0)),12%))))))) | X4: =IF(F4="","",MAX(0,'FT Wise'!AG4-O4*(1-(IF(IFERROR(INDEX(Instructions!$B:$B,MATCH("Shrinkage Source",Instructions!$A:$A,0)),"Shrinkage Sheet")="Shrinkage Sheet",IFERROR(IF(Shrinkage!E4="-",IF(F4<IFERROR(INDEX(Instructions!$B:$B,MATCH("Shrinkage Threshold FTE",Instructions!$A:$A,0)),10),IFERROR(INDEX(Instructions!$B:$B,MATCH("Shrinkage Less Than 10 FTEs",Instructions!$A:$A,0)),20%),IFERROR(INDEX(Instructions!$B:$B,MATCH("Shrinkage 10 Or More FTEs",Instructions!$A:$A,0)),12%)),Shrinkage!E4),IF(F4<IFERROR(INDEX(Instructions!$B:$B,MATCH("Shrinkage Threshold FTE",Instructions!$A:$A,0)),10),IFERROR(INDEX(Instructions!$B:$B,MATCH("Shrinkage Less Than 10 FTEs",Instructions!$A:$A,0)),20%),IFERROR(INDEX(Instructions!$B:$B,MATCH("Shrinkage 10 Or More FTEs",Instructions!$A:$A,0)),12%))),IF(F4<IFERROR(INDEX(Instructions!$B:$B,MATCH("Shrinkage Threshold FTE",Instructions!$A:$A,0)),10),IFERROR(INDEX(Instructions!$B:$B,MATCH("Shrinkage Less Than 10 FTEs",Instructions!$A:$A,0)),20%),IFERROR(INDEX(Instructions!$B:$B,MATCH("Shrinkage 10 Or More FTEs",Instructions!$A:$A,0)),12%))))))) | Y4: =IF(G4="","",MAX(0,'FT Wise'!AH4-P4*(1-(IF(IFERROR(INDEX(Instructions!$B:$B,MATCH("Shrinkage Source",Instructions!$A:$A,0)),"Shrinkage Sheet")="Shrinkage Sheet",IFERROR(IF(Shrinkage!F4="-",IF(G4<IFERROR(INDEX(Instructions!$B:$B,MATCH("Shrinkage Threshold FTE",Instructions!$A:$A,0)),10),IFERROR(INDEX(Instructions!$B:$B,MATCH("Shrinkage Less Than 10 FTEs",Instructions!$A:$A,0)),20%),IFERROR(INDEX(Instructions!$B:$B,MATCH("Shrinkage 10 Or More FTEs",Instructions!$A:$A,0)),12%)),Shrinkage!F4),IF(G4<IFERROR(INDEX(Instructions!$B:$B,MATCH("Shrinkage Threshold FTE",Instructions!$A:$A,0)),10),IFERROR(INDEX(Instructions!$B:$B,MATCH("Shrinkage Less Than 10 FTEs",Instructions!$A:$A,0)),20%),IFERROR(INDEX(Instructions!$B:$B,MATCH("Shrinkage 10 Or More FTEs",Instructions!$A:$A,0)),12%))),IF(G4<IFERROR(INDEX(Instructions!$B:$B,MATCH("Shrinkage Threshold FTE",Instructions!$A:$A,0)),10),IFERROR(INDEX(Instructions!$B:$B,MATCH("Shrinkage Less Than 10 FTEs",Instructions!$A:$A,0)),20%),IFERROR(INDEX(Instructions!$B:$B,MATCH("Shrinkage 10 Or More FTEs",Instructions!$A:$A,0)),12%))))))) | Z4: =IF(H4="","",MAX(0,'FT Wise'!AI4-Q4*(1-(IF(IFERROR(INDEX(Instructions!$B:$B,MATCH("Shrinkage Source",Instructions!$A:$A,0)),"Shrinkage Sheet")="Shrinkage Sheet",IFERROR(IF(Shrinkage!G4="-",IF(H4<IFERROR(INDEX(Instructions!$B:$B,MATCH("Shrinkage Threshold FTE",Instructions!$A:$A,0)),10),IFERROR(INDEX(Instructions!$B:$B,MATCH("Shrinkage Less Than 10 FTEs",Instructions!$A:$A,0)),20%),IFERROR(INDEX(Instructions!$B:$B,MATCH("Shrinkage 10 Or More FTEs",Instructions!$A:$A,0)),12%)),Shrinkage!G4),IF(H4<IFERROR(INDEX(Instructions!$B:$B,MATCH("Shrinkage Threshold FTE",Instructions!$A:$A,0)),10),IFERROR(INDEX(Instructions!$B:$B,MATCH("Shrinkage Less Than 10 FTEs",Instructions!$A:$A,0)),20%),IFERROR(INDEX(Instructions!$B:$B,MATCH("Shrinkage 10 Or More FTEs",Instructions!$A:$A,0)),12%))),IF(H4<IFERROR(INDEX(Instructions!$B:$B,MATCH("Shrinkage Threshold FTE",Instructions!$A:$A,0)),10),IFERROR(INDEX(Instructions!$B:$B,MATCH("Shrinkage Less Than 10 FTEs",Instructions!$A:$A,0)),20%),IFERROR(INDEX(Instructions!$B:$B,MATCH("Shrinkage 10 Or More FTEs",Instructions!$A:$A,0)),12%))))))) | AA4: =IF(I4="","",MAX(0,'FT Wise'!AJ4-R4*(1-(IF(IFERROR(INDEX(Instructions!$B:$B,MATCH("Shrinkage Source",Instructions!$A:$A,0)),"Shrinkage Sheet")="Shrinkage Sheet",IFERROR(IF(Shrinkage!H4="-",IF(I4<IFERROR(INDEX(Instructions!$B:$B,MATCH("Shrinkage Threshold FTE",Instructions!$A:$A,0)),10),IFERROR(INDEX(Instructions!$B:$B,MATCH("Shrinkage Less Than 10 FTEs",Instructions!$A:$A,0)),20%),IFERROR(INDEX(Instructions!$B:$B,MATCH("Shrinkage 10 Or More FTEs",Instructions!$A:$A,0)),12%)),Shrinkage!H4),IF(I4<IFERROR(INDEX(Instructions!$B:$B,MATCH("Shrinkage Threshold FTE",Instructions!$A:$A,0)),10),IFERROR(INDEX(Instructions!$B:$B,MATCH("Shrinkage Less Than 10 FTEs",Instructions!$A:$A,0)),20%),IFERROR(INDEX(Instructions!$B:$B,MATCH("Shrinkage 10 Or More FTEs",Instructions!$A:$A,0)),12%))),IF(I4<IFERROR(INDEX(Instructions!$B:$B,MATCH("Shrinkage Threshold FTE",Instructions!$A:$A,0)),10),IFERROR(INDEX(Instructions!$B:$B,MATCH("Shrinkage Less Than 10 FTEs",Instructions!$A:$A,0)),20%),IFERROR(INDEX(Instructions!$B:$B,MATCH("Shrinkage 10 Or More FTEs",Instructions!$A:$A,0)),12%))))))) | AC4: 00:00 | AD4: =IFERROR(U4/C4,"") | AE4: =IFERROR(V4/D4,"") | AF4: =IFERROR(W4/E4,"") | AG4: =IFERROR(X4/F4,"") | AH4: =IFERROR(Y4/G4,"") | AI4: =IFERROR(Z4/H4,"") | AJ4: =IFERROR(AA4/I4,"")
B5: 01:00 | K5: 01:00 | L5: =IF(C5="","",SUMIFS('Break Schedule'!$I:$I,'Break Schedule'!$J:$J,"<"&(((0)*24+VALUE(LEFT($B5,2)))+1),'Break Schedule'!$K:$K,">"&((0)*24+VALUE(LEFT($B5,2))))) | M5: =IF(D5="","",SUMIFS('Break Schedule'!$I:$I,'Break Schedule'!$J:$J,"<"&(((1)*24+VALUE(LEFT($B5,2)))+1),'Break Schedule'!$K:$K,">"&((1)*24+VALUE(LEFT($B5,2))))) | N5: =IF(E5="","",SUMIFS('Break Schedule'!$I:$I,'Break Schedule'!$J:$J,"<"&(((2)*24+VALUE(LEFT($B5,2)))+1),'Break Schedule'!$K:$K,">"&((2)*24+VALUE(LEFT($B5,2))))) | O5: =IF(F5="","",SUMIFS('Break Schedule'!$I:$I,'Break Schedule'!$J:$J,"<"&(((3)*24+VALUE(LEFT($B5,2)))+1),'Break Schedule'!$K:$K,">"&((3)*24+VALUE(LEFT($B5,2))))) | P5: =IF(G5="","",SUMIFS('Break Schedule'!$I:$I,'Break Schedule'!$J:$J,"<"&(((4)*24+VALUE(LEFT($B5,2)))+1),'Break Schedule'!$K:$K,">"&((4)*24+VALUE(LEFT($B5,2))))) | Q5: =IF(H5="","",SUMIFS('Break Schedule'!$I:$I,'Break Schedule'!$J:$J,"<"&(((5)*24+VALUE(LEFT($B5,2)))+1),'Break Schedule'!$K:$K,">"&((5)*24+VALUE(LEFT($B5,2))))) | R5: =IF(I5="","",SUMIFS('Break Schedule'!$I:$I,'Break Schedule'!$J:$J,"<"&(((6)*24+VALUE(LEFT($B5,2)))+1),'Break Schedule'!$K:$K,">"&((6)*24+VALUE(LEFT($B5,2))))) | T5: 01:00 | U5: =IF(C5="","",MAX(0,'FT Wise'!AD5-L5*(1-(IF(IFERROR(INDEX(Instructions!$B:$B,MATCH("Shrinkage Source",Instructions!$A:$A,0)),"Shrinkage Sheet")="Shrinkage Sheet",IFERROR(IF(Shrinkage!B5="-",IF(C5<IFERROR(INDEX(Instructions!$B:$B,MATCH("Shrinkage Threshold FTE",Instructions!$A:$A,0)),10),IFERROR(INDEX(Instructions!$B:$B,MATCH("Shrinkage Less Than 10 FTEs",Instructions!$A:$A,0)),20%),IFERROR(INDEX(Instructions!$B:$B,MATCH("Shrinkage 10 Or More FTEs",Instructions!$A:$A,0)),12%)),Shrinkage!B5),IF(C5<IFERROR(INDEX(Instructions!$B:$B,MATCH("Shrinkage Threshold FTE",Instructions!$A:$A,0)),10),IFERROR(INDEX(Instructions!$B:$B,MATCH("Shrinkage Less Than 10 FTEs",Instructions!$A:$A,0)),20%),IFERROR(INDEX(Instructions!$B:$B,MATCH("Shrinkage 10 Or More FTEs",Instructions!$A:$A,0)),12%))),IF(C5<IFERROR(INDEX(Instructions!$B:$B,MATCH("Shrinkage Threshold FTE",Instructions!$A:$A,0)),10),IFERROR(INDEX(Instructions!$B:$B,MATCH("Shrinkage Less Than 10 FTEs",Instructions!$A:$A,0)),20%),IFERROR(INDEX(Instructions!$B:$B,MATCH("Shrinkage 10 Or More FTEs",Instructions!$A:$A,0)),12%))))))) | V5: =IF(D5="","",MAX(0,'FT Wise'!AE5-M5*(1-(IF(IFERROR(INDEX(Instructions!$B:$B,MATCH("Shrinkage Source",Instructions!$A:$A,0)),"Shrinkage Sheet")="Shrinkage Sheet",IFERROR(IF(Shrinkage!C5="-",IF(D5<IFERROR(INDEX(Instructions!$B:$B,MATCH("Shrinkage Threshold FTE",Instructions!$A:$A,0)),10),IFERROR(INDEX(Instructions!$B:$B,MATCH("Shrinkage Less Than 10 FTEs",Instructions!$A:$A,0)),20%),IFERROR(INDEX(Instructions!$B:$B,MATCH("Shrinkage 10 Or More FTEs",Instructions!$A:$A,0)),12%)),Shrinkage!C5),IF(D5<IFERROR(INDEX(Instructions!$B:$B,MATCH("Shrinkage Threshold FTE",Instructions!$A:$A,0)),10),IFERROR(INDEX(Instructions!$B:$B,MATCH("Shrinkage Less Than 10 FTEs",Instructions!$A:$A,0)),20%),IFERROR(INDEX(Instructions!$B:$B,MATCH("Shrinkage 10 Or More FTEs",Instructions!$A:$A,0)),12%))),IF(D5<IFERROR(INDEX(Instructions!$B:$B,MATCH("Shrinkage Threshold FTE",Instructions!$A:$A,0)),10),IFERROR(INDEX(Instructions!$B:$B,MATCH("Shrinkage Less Than 10 FTEs",Instructions!$A:$A,0)),20%),IFERROR(INDEX(Instructions!$B:$B,MATCH("Shrinkage 10 Or More FTEs",Instructions!$A:$A,0)),12%))))))) | W5: =IF(E5="","",MAX(0,'FT Wise'!AF5-N5*(1-(IF(IFERROR(INDEX(Instructions!$B:$B,MATCH("Shrinkage Source",Instructions!$A:$A,0)),"Shrinkage Sheet")="Shrinkage Sheet",IFERROR(IF(Shrinkage!D5="-",IF(E5<IFERROR(INDEX(Instructions!$B:$B,MATCH("Shrinkage Threshold FTE",Instructions!$A:$A,0)),10),IFERROR(INDEX(Instructions!$B:$B,MATCH("Shrinkage Less Than 10 FTEs",Instructions!$A:$A,0)),20%),IFERROR(INDEX(Instructions!$B:$B,MATCH("Shrinkage 10 Or More FTEs",Instructions!$A:$A,0)),12%)),Shrinkage!D5),IF(E5<IFERROR(INDEX(Instructions!$B:$B,MATCH("Shrinkage Threshold FTE",Instructions!$A:$A,0)),10),IFERROR(INDEX(Instructions!$B:$B,MATCH("Shrinkage Less Than 10 FTEs",Instructions!$A:$A,0)),20%),IFERROR(INDEX(Instructions!$B:$B,MATCH("Shrinkage 10 Or More FTEs",Instructions!$A:$A,0)),12%))),IF(E5<IFERROR(INDEX(Instructions!$B:$B,MATCH("Shrinkage Threshold FTE",Instructions!$A:$A,0)),10),IFERROR(INDEX(Instructions!$B:$B,MATCH("Shrinkage Less Than 10 FTEs",Instructions!$A:$A,0)),20%),IFERROR(INDEX(Instructions!$B:$B,MATCH("Shrinkage 10 Or More FTEs",Instructions!$A:$A,0)),12%))))))) | X5: =IF(F5="","",MAX(0,'FT Wise'!AG5-O5*(1-(IF(IFERROR(INDEX(Instructions!$B:$B,MATCH("Shrinkage Source",Instructions!$A:$A,0)),"Shrinkage Sheet")="Shrinkage Sheet",IFERROR(IF(Shrinkage!E5="-",IF(F5<IFERROR(INDEX(Instructions!$B:$B,MATCH("Shrinkage Threshold FTE",Instructions!$A:$A,0)),10),IFERROR(INDEX(Instructions!$B:$B,MATCH("Shrinkage Less Than 10 FTEs",Instructions!$A:$A,0)),20%),IFERROR(INDEX(Instructions!$B:$B,MATCH("Shrinkage 10 Or More FTEs",Instructions!$A:$A,0)),12%)),Shrinkage!E5),IF(F5<IFERROR(INDEX(Instructions!$B:$B,MATCH("Shrinkage Threshold FTE",Instructions!$A:$A,0)),10),IFERROR(INDEX(Instructions!$B:$B,MATCH("Shrinkage Less Than 10 FTEs",Instructions!$A:$A,0)),20%),IFERROR(INDEX(Instructions!$B:$B,MATCH("Shrinkage 10 Or More FTEs",Instructions!$A:$A,0)),12%))),IF(F5<IFERROR(INDEX(Instructions!$B:$B,MATCH("Shrinkage Threshold FTE",Instructions!$A:$A,0)),10),IFERROR(INDEX(Instructions!$B:$B,MATCH("Shrinkage Less Than 10 FTEs",Instructions!$A:$A,0)),20%),IFERROR(INDEX(Instructions!$B:$B,MATCH("Shrinkage 10 Or More FTEs",Instructions!$A:$A,0)),12%))))))) | Y5: =IF(G5="","",MAX(0,'FT Wise'!AH5-P5*(1-(IF(IFERROR(INDEX(Instructions!$B:$B,MATCH("Shrinkage Source",Instructions!$A:$A,0)),"Shrinkage Sheet")="Shrinkage Sheet",IFERROR(IF(Shrinkage!F5="-",IF(G5<IFERROR(INDEX(Instructions!$B:$B,MATCH("Shrinkage Threshold FTE",Instructions!$A:$A,0)),10),IFERROR(INDEX(Instructions!$B:$B,MATCH("Shrinkage Less Than 10 FTEs",Instructions!$A:$A,0)),20%),IFERROR(INDEX(Instructions!$B:$B,MATCH("Shrinkage 10 Or More FTEs",Instructions!$A:$A,0)),12%)),Shrinkage!F5),IF(G5<IFERROR(INDEX(Instructions!$B:$B,MATCH("Shrinkage Threshold FTE",Instructions!$A:$A,0)),10),IFERROR(INDEX(Instructions!$B:$B,MATCH("Shrinkage Less Than 10 FTEs",Instructions!$A:$A,0)),20%),IFERROR(INDEX(Instructions!$B:$B,MATCH("Shrinkage 10 Or More FTEs",Instructions!$A:$A,0)),12%))),IF(G5<IFERROR(INDEX(Instructions!$B:$B,MATCH("Shrinkage Threshold FTE",Instructions!$A:$A,0)),10),IFERROR(INDEX(Instructions!$B:$B,MATCH("Shrinkage Less Than 10 FTEs",Instructions!$A:$A,0)),20%),IFERROR(INDEX(Instructions!$B:$B,MATCH("Shrinkage 10 Or More FTEs",Instructions!$A:$A,0)),12%))))))) | Z5: =IF(H5="","",MAX(0,'FT Wise'!AI5-Q5*(1-(IF(IFERROR(INDEX(Instructions!$B:$B,MATCH("Shrinkage Source",Instructions!$A:$A,0)),"Shrinkage Sheet")="Shrinkage Sheet",IFERROR(IF(Shrinkage!G5="-",IF(H5<IFERROR(INDEX(Instructions!$B:$B,MATCH("Shrinkage Threshold FTE",Instructions!$A:$A,0)),10),IFERROR(INDEX(Instructions!$B:$B,MATCH("Shrinkage Less Than 10 FTEs",Instructions!$A:$A,0)),20%),IFERROR(INDEX(Instructions!$B:$B,MATCH("Shrinkage 10 Or More FTEs",Instructions!$A:$A,0)),12%)),Shrinkage!G5),IF(H5<IFERROR(INDEX(Instructions!$B:$B,MATCH("Shrinkage Threshold FTE",Instructions!$A:$A,0)),10),IFERROR(INDEX(Instructions!$B:$B,MATCH("Shrinkage Less Than 10 FTEs",Instructions!$A:$A,0)),20%),IFERROR(INDEX(Instructions!$B:$B,MATCH("Shrinkage 10 Or More FTEs",Instructions!$A:$A,0)),12%))),IF(H5<IFERROR(INDEX(Instructions!$B:$B,MATCH("Shrinkage Threshold FTE",Instructions!$A:$A,0)),10),IFERROR(INDEX(Instructions!$B:$B,MATCH("Shrinkage Less Than 10 FTEs",Instructions!$A:$A,0)),20%),IFERROR(INDEX(Instructions!$B:$B,MATCH("Shrinkage 10 Or More FTEs",Instructions!$A:$A,0)),12%))))))) | AA5: =IF(I5="","",MAX(0,'FT Wise'!AJ5-R5*(1-(IF(IFERROR(INDEX(Instructions!$B:$B,MATCH("Shrinkage Source",Instructions!$A:$A,0)),"Shrinkage Sheet")="Shrinkage Sheet",IFERROR(IF(Shrinkage!H5="-",IF(I5<IFERROR(INDEX(Instructions!$B:$B,MATCH("Shrinkage Threshold FTE",Instructions!$A:$A,0)),10),IFERROR(INDEX(Instructions!$B:$B,MATCH("Shrinkage Less Than 10 FTEs",Instructions!$A:$A,0)),20%),IFERROR(INDEX(Instructions!$B:$B,MATCH("Shrinkage 10 Or More FTEs",Instructions!$A:$A,0)),12%)),Shrinkage!H5),IF(I5<IFERROR(INDEX(Instructions!$B:$B,MATCH("Shrinkage Threshold FTE",Instructions!$A:$A,0)),10),IFERROR(INDEX(Instructions!$B:$B,MATCH("Shrinkage Less Than 10 FTEs",Instructions!$A:$A,0)),20%),IFERROR(INDEX(Instructions!$B:$B,MATCH("Shrinkage 10 Or More FTEs",Instructions!$A:$A,0)),12%))),IF(I5<IFERROR(INDEX(Instructions!$B:$B,MATCH("Shrinkage Threshold FTE",Instructions!$A:$A,0)),10),IFERROR(INDEX(Instructions!$B:$B,MATCH("Shrinkage Less Than 10 FTEs",Instructions!$A:$A,0)),20%),IFERROR(INDEX(Instructions!$B:$B,MATCH("Shrinkage 10 Or More FTEs",Instructions!$A:$A,0)),12%))))))) | AC5: 01:00 | AD5: =IFERROR(U5/C5,"") | AE5: =IFERROR(V5/D5,"") | AF5: =IFERROR(W5/E5,"") | AG5: =IFERROR(X5/F5,"") | AH5: =IFERROR(Y5/G5,"") | AI5: =IFERROR(Z5/H5,"") | AJ5: =IFERROR(AA5/I5,"")
B6: 02:00 | K6: 02:00 | L6: =IF(C6="","",SUMIFS('Break Schedule'!$I:$I,'Break Schedule'!$J:$J,"<"&(((0)*24+VALUE(LEFT($B6,2)))+1),'Break Schedule'!$K:$K,">"&((0)*24+VALUE(LEFT($B6,2))))) | M6: =IF(D6="","",SUMIFS('Break Schedule'!$I:$I,'Break Schedule'!$J:$J,"<"&(((1)*24+VALUE(LEFT($B6,2)))+1),'Break Schedule'!$K:$K,">"&((1)*24+VALUE(LEFT($B6,2))))) | N6: =IF(E6="","",SUMIFS('Break Schedule'!$I:$I,'Break Schedule'!$J:$J,"<"&(((2)*24+VALUE(LEFT($B6,2)))+1),'Break Schedule'!$K:$K,">"&((2)*24+VALUE(LEFT($B6,2))))) | O6: =IF(F6="","",SUMIFS('Break Schedule'!$I:$I,'Break Schedule'!$J:$J,"<"&(((3)*24+VALUE(LEFT($B6,2)))+1),'Break Schedule'!$K:$K,">"&((3)*24+VALUE(LEFT($B6,2))))) | P6: =IF(G6="","",SUMIFS('Break Schedule'!$I:$I,'Break Schedule'!$J:$J,"<"&(((4)*24+VALUE(LEFT($B6,2)))+1),'Break Schedule'!$K:$K,">"&((4)*24+VALUE(LEFT($B6,2))))) | Q6: =IF(H6="","",SUMIFS('Break Schedule'!$I:$I,'Break Schedule'!$J:$J,"<"&(((5)*24+VALUE(LEFT($B6,2)))+1),'Break Schedule'!$K:$K,">"&((5)*24+VALUE(LEFT($B6,2))))) | R6: =IF(I6="","",SUMIFS('Break Schedule'!$I:$I,'Break Schedule'!$J:$J,"<"&(((6)*24+VALUE(LEFT($B6,2)))+1),'Break Schedule'!$K:$K,">"&((6)*24+VALUE(LEFT($B6,2))))) | T6: 02:00 | U6: =IF(C6="","",MAX(0,'FT Wise'!AD6-L6*(1-(IF(IFERROR(INDEX(Instructions!$B:$B,MATCH("Shrinkage Source",Instructions!$A:$A,0)),"Shrinkage Sheet")="Shrinkage Sheet",IFERROR(IF(Shrinkage!B6="-",IF(C6<IFERROR(INDEX(Instructions!$B:$B,MATCH("Shrinkage Threshold FTE",Instructions!$A:$A,0)),10),IFERROR(INDEX(Instructions!$B:$B,MATCH("Shrinkage Less Than 10 FTEs",Instructions!$A:$A,0)),20%),IFERROR(INDEX(Instructions!$B:$B,MATCH("Shrinkage 10 Or More FTEs",Instructions!$A:$A,0)),12%)),Shrinkage!B6),IF(C6<IFERROR(INDEX(Instructions!$B:$B,MATCH("Shrinkage Threshold FTE",Instructions!$A:$A,0)),10),IFERROR(INDEX(Instructions!$B:$B,MATCH("Shrinkage Less Than 10 FTEs",Instructions!$A:$A,0)),20%),IFERROR(INDEX(Instructions!$B:$B,MATCH("Shrinkage 10 Or More FTEs",Instructions!$A:$A,0)),12%))),IF(C6<IFERROR(INDEX(Instructions!$B:$B,MATCH("Shrinkage Threshold FTE",Instructions!$A:$A,0)),10),IFERROR(INDEX(Instructions!$B:$B,MATCH("Shrinkage Less Than 10 FTEs",Instructions!$A:$A,0)),20%),IFERROR(INDEX(Instructions!$B:$B,MATCH("Shrinkage 10 Or More FTEs",Instructions!$A:$A,0)),12%))))))) | V6: =IF(D6="","",MAX(0,'FT Wise'!AE6-M6*(1-(IF(IFERROR(INDEX(Instructions!$B:$B,MATCH("Shrinkage Source",Instructions!$A:$A,0)),"Shrinkage Sheet")="Shrinkage Sheet",IFERROR(IF(Shrinkage!C6="-",IF(D6<IFERROR(INDEX(Instructions!$B:$B,MATCH("Shrinkage Threshold FTE",Instructions!$A:$A,0)),10),IFERROR(INDEX(Instructions!$B:$B,MATCH("Shrinkage Less Than 10 FTEs",Instructions!$A:$A,0)),20%),IFERROR(INDEX(Instructions!$B:$B,MATCH("Shrinkage 10 Or More FTEs",Instructions!$A:$A,0)),12%)),Shrinkage!C6),IF(D6<IFERROR(INDEX(Instructions!$B:$B,MATCH("Shrinkage Threshold FTE",Instructions!$A:$A,0)),10),IFERROR(INDEX(Instructions!$B:$B,MATCH("Shrinkage Less Than 10 FTEs",Instructions!$A:$A,0)),20%),IFERROR(INDEX(Instructions!$B:$B,MATCH("Shrinkage 10 Or More FTEs",Instructions!$A:$A,0)),12%))),IF(D6<IFERROR(INDEX(Instructions!$B:$B,MATCH("Shrinkage Threshold FTE",Instructions!$A:$A,0)),10),IFERROR(INDEX(Instructions!$B:$B,MATCH("Shrinkage Less Than 10 FTEs",Instructions!$A:$A,0)),20%),IFERROR(INDEX(Instructions!$B:$B,MATCH("Shrinkage 10 Or More FTEs",Instructions!$A:$A,0)),12%))))))) | W6: =IF(E6="","",MAX(0,'FT Wise'!AF6-N6*(1-(IF(IFERROR(INDEX(Instructions!$B:$B,MATCH("Shrinkage Source",Instructions!$A:$A,0)),"Shrinkage Sheet")="Shrinkage Sheet",IFERROR(IF(Shrinkage!D6="-",IF(E6<IFERROR(INDEX(Instructions!$B:$B,MATCH("Shrinkage Threshold FTE",Instructions!$A:$A,0)),10),IFERROR(INDEX(Instructions!$B:$B,MATCH("Shrinkage Less Than 10 FTEs",Instructions!$A:$A,0)),20%),IFERROR(INDEX(Instructions!$B:$B,MATCH("Shrinkage 10 Or More FTEs",Instructions!$A:$A,0)),12%)),Shrinkage!D6),IF(E6<IFERROR(INDEX(Instructions!$B:$B,MATCH("Shrinkage Threshold FTE",Instructions!$A:$A,0)),10),IFERROR(INDEX(Instructions!$B:$B,MATCH("Shrinkage Less Than 10 FTEs",Instructions!$A:$A,0)),20%),IFERROR(INDEX(Instructions!$B:$B,MATCH("Shrinkage 10 Or More FTEs",Instructions!$A:$A,0)),12%))),IF(E6<IFERROR(INDEX(Instructions!$B:$B,MATCH("Shrinkage Threshold FTE",Instructions!$A:$A,0)),10),IFERROR(INDEX(Instructions!$B:$B,MATCH("Shrinkage Less Than 10 FTEs",Instructions!$A:$A,0)),20%),IFERROR(INDEX(Instructions!$B:$B,MATCH("Shrinkage 10 Or More FTEs",Instructions!$A:$A,0)),12%))))))) | X6: =IF(F6="","",MAX(0,'FT Wise'!AG6-O6*(1-(IF(IFERROR(INDEX(Instructions!$B:$B,MATCH("Shrinkage Source",Instructions!$A:$A,0)),"Shrinkage Sheet")="Shrinkage Sheet",IFERROR(IF(Shrinkage!E6="-",IF(F6<IFERROR(INDEX(Instructions!$B:$B,MATCH("Shrinkage Threshold FTE",Instructions!$A:$A,0)),10),IFERROR(INDEX(Instructions!$B:$B,MATCH("Shrinkage Less Than 10 FTEs",Instructions!$A:$A,0)),20%),IFERROR(INDEX(Instructions!$B:$B,MATCH("Shrinkage 10 Or More FTEs",Instructions!$A:$A,0)),12%)),Shrinkage!E6),IF(F6<IFERROR(INDEX(Instructions!$B:$B,MATCH("Shrinkage Threshold FTE",Instructions!$A:$A,0)),10),IFERROR(INDEX(Instructions!$B:$B,MATCH("Shrinkage Less Than 10 FTEs",Instructions!$A:$A,0)),20%),IFERROR(INDEX(Instructions!$B:$B,MATCH("Shrinkage 10 Or More FTEs",Instructions!$A:$A,0)),12%))),IF(F6<IFERROR(INDEX(Instructions!$B:$B,MATCH("Shrinkage Threshold FTE",Instructions!$A:$A,0)),10),IFERROR(INDEX(Instructions!$B:$B,MATCH("Shrinkage Less Than 10 FTEs",Instructions!$A:$A,0)),20%),IFERROR(INDEX(Instructions!$B:$B,MATCH("Shrinkage 10 Or More FTEs",Instructions!$A:$A,0)),12%))))))) | Y6: =IF(G6="","",MAX(0,'FT Wise'!AH6-P6*(1-(IF(IFERROR(INDEX(Instructions!$B:$B,MATCH("Shrinkage Source",Instructions!$A:$A,0)),"Shrinkage Sheet")="Shrinkage Sheet",IFERROR(IF(Shrinkage!F6="-",IF(G6<IFERROR(INDEX(Instructions!$B:$B,MATCH("Shrinkage Threshold FTE",Instructions!$A:$A,0)),10),IFERROR(INDEX(Instructions!$B:$B,MATCH("Shrinkage Less Than 10 FTEs",Instructions!$A:$A,0)),20%),IFERROR(INDEX(Instructions!$B:$B,MATCH("Shrinkage 10 Or More FTEs",Instructions!$A:$A,0)),12%)),Shrinkage!F6),IF(G6<IFERROR(INDEX(Instructions!$B:$B,MATCH("Shrinkage Threshold FTE",Instructions!$A:$A,0)),10),IFERROR(INDEX(Instructions!$B:$B,MATCH("Shrinkage Less Than 10 FTEs",Instructions!$A:$A,0)),20%),IFERROR(INDEX(Instructions!$B:$B,MATCH("Shrinkage 10 Or More FTEs",Instructions!$A:$A,0)),12%))),IF(G6<IFERROR(INDEX(Instructions!$B:$B,MATCH("Shrinkage Threshold FTE",Instructions!$A:$A,0)),10),IFERROR(INDEX(Instructions!$B:$B,MATCH("Shrinkage Less Than 10 FTEs",Instructions!$A:$A,0)),20%),IFERROR(INDEX(Instructions!$B:$B,MATCH("Shrinkage 10 Or More FTEs",Instructions!$A:$A,0)),12%))))))) | Z6: =IF(H6="","",MAX(0,'FT Wise'!AI6-Q6*(1-(IF(IFERROR(INDEX(Instructions!$B:$B,MATCH("Shrinkage Source",Instructions!$A:$A,0)),"Shrinkage Sheet")="Shrinkage Sheet",IFERROR(IF(Shrinkage!G6="-",IF(H6<IFERROR(INDEX(Instructions!$B:$B,MATCH("Shrinkage Threshold FTE",Instructions!$A:$A,0)),10),IFERROR(INDEX(Instructions!$B:$B,MATCH("Shrinkage Less Than 10 FTEs",Instructions!$A:$A,0)),20%),IFERROR(INDEX(Instructions!$B:$B,MATCH("Shrinkage 10 Or More FTEs",Instructions!$A:$A,0)),12%)),Shrinkage!G6),IF(H6<IFERROR(INDEX(Instructions!$B:$B,MATCH("Shrinkage Threshold FTE",Instructions!$A:$A,0)),10),IFERROR(INDEX(Instructions!$B:$B,MATCH("Shrinkage Less Than 10 FTEs",Instructions!$A:$A,0)),20%),IFERROR(INDEX(Instructions!$B:$B,MATCH("Shrinkage 10 Or More FTEs",Instructions!$A:$A,0)),12%))),IF(H6<IFERROR(INDEX(Instructions!$B:$B,MATCH("Shrinkage Threshold FTE",Instructions!$A:$A,0)),10),IFERROR(INDEX(Instructions!$B:$B,MATCH("Shrinkage Less Than 10 FTEs",Instructions!$A:$A,0)),20%),IFERROR(INDEX(Instructions!$B:$B,MATCH("Shrinkage 10 Or More FTEs",Instructions!$A:$A,0)),12%))))))) | AA6: =IF(I6="","",MAX(0,'FT Wise'!AJ6-R6*(1-(IF(IFERROR(INDEX(Instructions!$B:$B,MATCH("Shrinkage Source",Instructions!$A:$A,0)),"Shrinkage Sheet")="Shrinkage Sheet",IFERROR(IF(Shrinkage!H6="-",IF(I6<IFERROR(INDEX(Instructions!$B:$B,MATCH("Shrinkage Threshold FTE",Instructions!$A:$A,0)),10),IFERROR(INDEX(Instructions!$B:$B,MATCH("Shrinkage Less Than 10 FTEs",Instructions!$A:$A,0)),20%),IFERROR(INDEX(Instructions!$B:$B,MATCH("Shrinkage 10 Or More FTEs",Instructions!$A:$A,0)),12%)),Shrinkage!H6),IF(I6<IFERROR(INDEX(Instructions!$B:$B,MATCH("Shrinkage Threshold FTE",Instructions!$A:$A,0)),10),IFERROR(INDEX(Instructions!$B:$B,MATCH("Shrinkage Less Than 10 FTEs",Instructions!$A:$A,0)),20%),IFERROR(INDEX(Instructions!$B:$B,MATCH("Shrinkage 10 Or More FTEs",Instructions!$A:$A,0)),12%))),IF(I6<IFERROR(INDEX(Instructions!$B:$B,MATCH("Shrinkage Threshold FTE",Instructions!$A:$A,0)),10),IFERROR(INDEX(Instructions!$B:$B,MATCH("Shrinkage Less Than 10 FTEs",Instructions!$A:$A,0)),20%),IFERROR(INDEX(Instructions!$B:$B,MATCH("Shrinkage 10 Or More FTEs",Instructions!$A:$A,0)),12%))))))) | AC6: 02:00 | AD6: =IFERROR(U6/C6,"") | AE6: =IFERROR(V6/D6,"") | AF6: =IFERROR(W6/E6,"") | AG6: =IFERROR(X6/F6,"") | AH6: =IFERROR(Y6/G6,"") | AI6: =IFERROR(Z6/H6,"") | AJ6: =IFERROR(AA6/I6,"")
B7: 03:00 | K7: 03:00 | L7: =IF(C7="","",SUMIFS('Break Schedule'!$I:$I,'Break Schedule'!$J:$J,"<"&(((0)*24+VALUE(LEFT($B7,2)))+1),'Break Schedule'!$K:$K,">"&((0)*24+VALUE(LEFT($B7,2))))) | M7: =IF(D7="","",SUMIFS('Break Schedule'!$I:$I,'Break Schedule'!$J:$J,"<"&(((1)*24+VALUE(LEFT($B7,2)))+1),'Break Schedule'!$K:$K,">"&((1)*24+VALUE(LEFT($B7,2))))) | N7: =IF(E7="","",SUMIFS('Break Schedule'!$I:$I,'Break Schedule'!$J:$J,"<"&(((2)*24+VALUE(LEFT($B7,2)))+1),'Break Schedule'!$K:$K,">"&((2)*24+VALUE(LEFT($B7,2))))) | O7: =IF(F7="","",SUMIFS('Break Schedule'!$I:$I,'Break Schedule'!$J:$J,"<"&(((3)*24+VALUE(LEFT($B7,2)))+1),'Break Schedule'!$K:$K,">"&((3)*24+VALUE(LEFT($B7,2))))) | P7: =IF(G7="","",SUMIFS('Break Schedule'!$I:$I,'Break Schedule'!$J:$J,"<"&(((4)*24+VALUE(LEFT($B7,2)))+1),'Break Schedule'!$K:$K,">"&((4)*24+VALUE(LEFT($B7,2))))) | Q7: =IF(H7="","",SUMIFS('Break Schedule'!$I:$I,'Break Schedule'!$J:$J,"<"&(((5)*24+VALUE(LEFT($B7,2)))+1),'Break Schedule'!$K:$K,">"&((5)*24+VALUE(LEFT($B7,2))))) | R7: =IF(I7="","",SUMIFS('Break Schedule'!$I:$I,'Break Schedule'!$J:$J,"<"&(((6)*24+VALUE(LEFT($B7,2)))+1),'Break Schedule'!$K:$K,">"&((6)*24+VALUE(LEFT($B7,2))))) | T7: 03:00 | U7: =IF(C7="","",MAX(0,'FT Wise'!AD7-L7*(1-(IF(IFERROR(INDEX(Instructions!$B:$B,MATCH("Shrinkage Source",Instructions!$A:$A,0)),"Shrinkage Sheet")="Shrinkage Sheet",IFERROR(IF(Shrinkage!B7="-",IF(C7<IFERROR(INDEX(Instructions!$B:$B,MATCH("Shrinkage Threshold FTE",Instructions!$A:$A,0)),10),IFERROR(INDEX(Instructions!$B:$B,MATCH("Shrinkage Less Than 10 FTEs",Instructions!$A:$A,0)),20%),IFERROR(INDEX(Instructions!$B:$B,MATCH("Shrinkage 10 Or More FTEs",Instructions!$A:$A,0)),12%)),Shrinkage!B7),IF(C7<IFERROR(INDEX(Instructions!$B:$B,MATCH("Shrinkage Threshold FTE",Instructions!$A:$A,0)),10),IFERROR(INDEX(Instructions!$B:$B,MATCH("Shrinkage Less Than 10 FTEs",Instructions!$A:$A,0)),20%),IFERROR(INDEX(Instructions!$B:$B,MATCH("Shrinkage 10 Or More FTEs",Instructions!$A:$A,0)),12%))),IF(C7<IFERROR(INDEX(Instructions!$B:$B,MATCH("Shrinkage Threshold FTE",Instructions!$A:$A,0)),10),IFERROR(INDEX(Instructions!$B:$B,MATCH("Shrinkage Less Than 10 FTEs",Instructions!$A:$A,0)),20%),IFERROR(INDEX(Instructions!$B:$B,MATCH("Shrinkage 10 Or More FTEs",Instructions!$A:$A,0)),12%))))))) | V7: =IF(D7="","",MAX(0,'FT Wise'!AE7-M7*(1-(IF(IFERROR(INDEX(Instructions!$B:$B,MATCH("Shrinkage Source",Instructions!$A:$A,0)),"Shrinkage Sheet")="Shrinkage Sheet",IFERROR(IF(Shrinkage!C7="-",IF(D7<IFERROR(INDEX(Instructions!$B:$B,MATCH("Shrinkage Threshold FTE",Instructions!$A:$A,0)),10),IFERROR(INDEX(Instructions!$B:$B,MATCH("Shrinkage Less Than 10 FTEs",Instructions!$A:$A,0)),20%),IFERROR(INDEX(Instructions!$B:$B,MATCH("Shrinkage 10 Or More FTEs",Instructions!$A:$A,0)),12%)),Shrinkage!C7),IF(D7<IFERROR(INDEX(Instructions!$B:$B,MATCH("Shrinkage Threshold FTE",Instructions!$A:$A,0)),10),IFERROR(INDEX(Instructions!$B:$B,MATCH("Shrinkage Less Than 10 FTEs",Instructions!$A:$A,0)),20%),IFERROR(INDEX(Instructions!$B:$B,MATCH("Shrinkage 10 Or More FTEs",Instructions!$A:$A,0)),12%))),IF(D7<IFERROR(INDEX(Instructions!$B:$B,MATCH("Shrinkage Threshold FTE",Instructions!$A:$A,0)),10),IFERROR(INDEX(Instructions!$B:$B,MATCH("Shrinkage Less Than 10 FTEs",Instructions!$A:$A,0)),20%),IFERROR(INDEX(Instructions!$B:$B,MATCH("Shrinkage 10 Or More FTEs",Instructions!$A:$A,0)),12%))))))) | W7: =IF(E7="","",MAX(0,'FT Wise'!AF7-N7*(1-(IF(IFERROR(INDEX(Instructions!$B:$B,MATCH("Shrinkage Source",Instructions!$A:$A,0)),"Shrinkage Sheet")="Shrinkage Sheet",IFERROR(IF(Shrinkage!D7="-",IF(E7<IFERROR(INDEX(Instructions!$B:$B,MATCH("Shrinkage Threshold FTE",Instructions!$A:$A,0)),10),IFERROR(INDEX(Instructions!$B:$B,MATCH("Shrinkage Less Than 10 FTEs",Instructions!$A:$A,0)),20%),IFERROR(INDEX(Instructions!$B:$B,MATCH("Shrinkage 10 Or More FTEs",Instructions!$A:$A,0)),12%)),Shrinkage!D7),IF(E7<IFERROR(INDEX(Instructions!$B:$B,MATCH("Shrinkage Threshold FTE",Instructions!$A:$A,0)),10),IFERROR(INDEX(Instructions!$B:$B,MATCH("Shrinkage Less Than 10 FTEs",Instructions!$A:$A,0)),20%),IFERROR(INDEX(Instructions!$B:$B,MATCH("Shrinkage 10 Or More FTEs",Instructions!$A:$A,0)),12%))),IF(E7<IFERROR(INDEX(Instructions!$B:$B,MATCH("Shrinkage Threshold FTE",Instructions!$A:$A,0)),10),IFERROR(INDEX(Instructions!$B:$B,MATCH("Shrinkage Less Than 10 FTEs",Instructions!$A:$A,0)),20%),IFERROR(INDEX(Instructions!$B:$B,MATCH("Shrinkage 10 Or More FTEs",Instructions!$A:$A,0)),12%))))))) | X7: =IF(F7="","",MAX(0,'FT Wise'!AG7-O7*(1-(IF(IFERROR(INDEX(Instructions!$B:$B,MATCH("Shrinkage Source",Instructions!$A:$A,0)),"Shrinkage Sheet")="Shrinkage Sheet",IFERROR(IF(Shrinkage!E7="-",IF(F7<IFERROR(INDEX(Instructions!$B:$B,MATCH("Shrinkage Threshold FTE",Instructions!$A:$A,0)),10),IFERROR(INDEX(Instructions!$B:$B,MATCH("Shrinkage Less Than 10 FTEs",Instructions!$A:$A,0)),20%),IFERROR(INDEX(Instructions!$B:$B,MATCH("Shrinkage 10 Or More FTEs",Instructions!$A:$A,0)),12%)),Shrinkage!E7),IF(F7<IFERROR(INDEX(Instructions!$B:$B,MATCH("Shrinkage Threshold FTE",Instructions!$A:$A,0)),10),IFERROR(INDEX(Instructions!$B:$B,MATCH("Shrinkage Less Than 10 FTEs",Instructions!$A:$A,0)),20%),IFERROR(INDEX(Instructions!$B:$B,MATCH("Shrinkage 10 Or More FTEs",Instructions!$A:$A,0)),12%))),IF(F7<IFERROR(INDEX(Instructions!$B:$B,MATCH("Shrinkage Threshold FTE",Instructions!$A:$A,0)),10),IFERROR(INDEX(Instructions!$B:$B,MATCH("Shrinkage Less Than 10 FTEs",Instructions!$A:$A,0)),20%),IFERROR(INDEX(Instructions!$B:$B,MATCH("Shrinkage 10 Or More FTEs",Instructions!$A:$A,0)),12%))))))) | Y7: =IF(G7="","",MAX(0,'FT Wise'!AH7-P7*(1-(IF(IFERROR(INDEX(Instructions!$B:$B,MATCH("Shrinkage Source",Instructions!$A:$A,0)),"Shrinkage Sheet")="Shrinkage Sheet",IFERROR(IF(Shrinkage!F7="-",IF(G7<IFERROR(INDEX(Instructions!$B:$B,MATCH("Shrinkage Threshold FTE",Instructions!$A:$A,0)),10),IFERROR(INDEX(Instructions!$B:$B,MATCH("Shrinkage Less Than 10 FTEs",Instructions!$A:$A,0)),20%),IFERROR(INDEX(Instructions!$B:$B,MATCH("Shrinkage 10 Or More FTEs",Instructions!$A:$A,0)),12%)),Shrinkage!F7),IF(G7<IFERROR(INDEX(Instructions!$B:$B,MATCH("Shrinkage Threshold FTE",Instructions!$A:$A,0)),10),IFERROR(INDEX(Instructions!$B:$B,MATCH("Shrinkage Less Than 10 FTEs",Instructions!$A:$A,0)),20%),IFERROR(INDEX(Instructions!$B:$B,MATCH("Shrinkage 10 Or More FTEs",Instructions!$A:$A,0)),12%))),IF(G7<IFERROR(INDEX(Instructions!$B:$B,MATCH("Shrinkage Threshold FTE",Instructions!$A:$A,0)),10),IFERROR(INDEX(Instructions!$B:$B,MATCH("Shrinkage Less Than 10 FTEs",Instructions!$A:$A,0)),20%),IFERROR(INDEX(Instructions!$B:$B,MATCH("Shrinkage 10 Or More FTEs",Instructions!$A:$A,0)),12%))))))) | Z7: =IF(H7="","",MAX(0,'FT Wise'!AI7-Q7*(1-(IF(IFERROR(INDEX(Instructions!$B:$B,MATCH("Shrinkage Source",Instructions!$A:$A,0)),"Shrinkage Sheet")="Shrinkage Sheet",IFERROR(IF(Shrinkage!G7="-",IF(H7<IFERROR(INDEX(Instructions!$B:$B,MATCH("Shrinkage Threshold FTE",Instructions!$A:$A,0)),10),IFERROR(INDEX(Instructions!$B:$B,MATCH("Shrinkage Less Than 10 FTEs",Instructions!$A:$A,0)),20%),IFERROR(INDEX(Instructions!$B:$B,MATCH("Shrinkage 10 Or More FTEs",Instructions!$A:$A,0)),12%)),Shrinkage!G7),IF(H7<IFERROR(INDEX(Instructions!$B:$B,MATCH("Shrinkage Threshold FTE",Instructions!$A:$A,0)),10),IFERROR(INDEX(Instructions!$B:$B,MATCH("Shrinkage Less Than 10 FTEs",Instructions!$A:$A,0)),20%),IFERROR(INDEX(Instructions!$B:$B,MATCH("Shrinkage 10 Or More FTEs",Instructions!$A:$A,0)),12%))),IF(H7<IFERROR(INDEX(Instructions!$B:$B,MATCH("Shrinkage Threshold FTE",Instructions!$A:$A,0)),10),IFERROR(INDEX(Instructions!$B:$B,MATCH("Shrinkage Less Than 10 FTEs",Instructions!$A:$A,0)),20%),IFERROR(INDEX(Instructions!$B:$B,MATCH("Shrinkage 10 Or More FTEs",Instructions!$A:$A,0)),12%))))))) | AA7: =IF(I7="","",MAX(0,'FT Wise'!AJ7-R7*(1-(IF(IFERROR(INDEX(Instructions!$B:$B,MATCH("Shrinkage Source",Instructions!$A:$A,0)),"Shrinkage Sheet")="Shrinkage Sheet",IFERROR(IF(Shrinkage!H7="-",IF(I7<IFERROR(INDEX(Instructions!$B:$B,MATCH("Shrinkage Threshold FTE",Instructions!$A:$A,0)),10),IFERROR(INDEX(Instructions!$B:$B,MATCH("Shrinkage Less Than 10 FTEs",Instructions!$A:$A,0)),20%),IFERROR(INDEX(Instructions!$B:$B,MATCH("Shrinkage 10 Or More FTEs",Instructions!$A:$A,0)),12%)),Shrinkage!H7),IF(I7<IFERROR(INDEX(Instructions!$B:$B,MATCH("Shrinkage Threshold FTE",Instructions!$A:$A,0)),10),IFERROR(INDEX(Instructions!$B:$B,MATCH("Shrinkage Less Than 10 FTEs",Instructions!$A:$A,0)),20%),IFERROR(INDEX(Instructions!$B:$B,MATCH("Shrinkage 10 Or More FTEs",Instructions!$A:$A,0)),12%))),IF(I7<IFERROR(INDEX(Instructions!$B:$B,MATCH("Shrinkage Threshold FTE",Instructions!$A:$A,0)),10),IFERROR(INDEX(Instructions!$B:$B,MATCH("Shrinkage Less Than 10 FTEs",Instructions!$A:$A,0)),20%),IFERROR(INDEX(Instructions!$B:$B,MATCH("Shrinkage 10 Or More FTEs",Instructions!$A:$A,0)),12%))))))) | AC7: 03:00 | AD7: =IFERROR(U7/C7,"") | AE7: =IFERROR(V7/D7,"") | AF7: =IFERROR(W7/E7,"") | AG7: =IFERROR(X7/F7,"") | AH7: =IFERROR(Y7/G7,"") | AI7: =IFERROR(Z7/H7,"") | AJ7: =IFERROR(AA7/I7,"")
B8: 04:00 | K8: 04:00 | L8: =IF(C8="","",SUMIFS('Break Schedule'!$I:$I,'Break Schedule'!$J:$J,"<"&(((0)*24+VALUE(LEFT($B8,2)))+1),'Break Schedule'!$K:$K,">"&((0)*24+VALUE(LEFT($B8,2))))) | M8: =IF(D8="","",SUMIFS('Break Schedule'!$I:$I,'Break Schedule'!$J:$J,"<"&(((1)*24+VALUE(LEFT($B8,2)))+1),'Break Schedule'!$K:$K,">"&((1)*24+VALUE(LEFT($B8,2))))) | N8: =IF(E8="","",SUMIFS('Break Schedule'!$I:$I,'Break Schedule'!$J:$J,"<"&(((2)*24+VALUE(LEFT($B8,2)))+1),'Break Schedule'!$K:$K,">"&((2)*24+VALUE(LEFT($B8,2))))) | O8: =IF(F8="","",SUMIFS('Break Schedule'!$I:$I,'Break Schedule'!$J:$J,"<"&(((3)*24+VALUE(LEFT($B8,2)))+1),'Break Schedule'!$K:$K,">"&((3)*24+VALUE(LEFT($B8,2))))) | P8: =IF(G8="","",SUMIFS('Break Schedule'!$I:$I,'Break Schedule'!$J:$J,"<"&(((4)*24+VALUE(LEFT($B8,2)))+1),'Break Schedule'!$K:$K,">"&((4)*24+VALUE(LEFT($B8,2))))) | Q8: =IF(H8="","",SUMIFS('Break Schedule'!$I:$I,'Break Schedule'!$J:$J,"<"&(((5)*24+VALUE(LEFT($B8,2)))+1),'Break Schedule'!$K:$K,">"&((5)*24+VALUE(LEFT($B8,2))))) | R8: =IF(I8="","",SUMIFS('Break Schedule'!$I:$I,'Break Schedule'!$J:$J,"<"&(((6)*24+VALUE(LEFT($B8,2)))+1),'Break Schedule'!$K:$K,">"&((6)*24+VALUE(LEFT($B8,2))))) | T8: 04:00 | U8: =IF(C8="","",MAX(0,'FT Wise'!AD8-L8*(1-(IF(IFERROR(INDEX(Instructions!$B:$B,MATCH("Shrinkage Source",Instructions!$A:$A,0)),"Shrinkage Sheet")="Shrinkage Sheet",IFERROR(IF(Shrinkage!B8="-",IF(C8<IFERROR(INDEX(Instructions!$B:$B,MATCH("Shrinkage Threshold FTE",Instructions!$A:$A,0)),10),IFERROR(INDEX(Instructions!$B:$B,MATCH("Shrinkage Less Than 10 FTEs",Instructions!$A:$A,0)),20%),IFERROR(INDEX(Instructions!$B:$B,MATCH("Shrinkage 10 Or More FTEs",Instructions!$A:$A,0)),12%)),Shrinkage!B8),IF(C8<IFERROR(INDEX(Instructions!$B:$B,MATCH("Shrinkage Threshold FTE",Instructions!$A:$A,0)),10),IFERROR(INDEX(Instructions!$B:$B,MATCH("Shrinkage Less Than 10 FTEs",Instructions!$A:$A,0)),20%),IFERROR(INDEX(Instructions!$B:$B,MATCH("Shrinkage 10 Or More FTEs",Instructions!$A:$A,0)),12%))),IF(C8<IFERROR(INDEX(Instructions!$B:$B,MATCH("Shrinkage Threshold FTE",Instructions!$A:$A,0)),10),IFERROR(INDEX(Instructions!$B:$B,MATCH("Shrinkage Less Than 10 FTEs",Instructions!$A:$A,0)),20%),IFERROR(INDEX(Instructions!$B:$B,MATCH("Shrinkage 10 Or More FTEs",Instructions!$A:$A,0)),12%))))))) | V8: =IF(D8="","",MAX(0,'FT Wise'!AE8-M8*(1-(IF(IFERROR(INDEX(Instructions!$B:$B,MATCH("Shrinkage Source",Instructions!$A:$A,0)),"Shrinkage Sheet")="Shrinkage Sheet",IFERROR(IF(Shrinkage!C8="-",IF(D8<IFERROR(INDEX(Instructions!$B:$B,MATCH("Shrinkage Threshold FTE",Instructions!$A:$A,0)),10),IFERROR(INDEX(Instructions!$B:$B,MATCH("Shrinkage Less Than 10 FTEs",Instructions!$A:$A,0)),20%),IFERROR(INDEX(Instructions!$B:$B,MATCH("Shrinkage 10 Or More FTEs",Instructions!$A:$A,0)),12%)),Shrinkage!C8),IF(D8<IFERROR(INDEX(Instructions!$B:$B,MATCH("Shrinkage Threshold FTE",Instructions!$A:$A,0)),10),IFERROR(INDEX(Instructions!$B:$B,MATCH("Shrinkage Less Than 10 FTEs",Instructions!$A:$A,0)),20%),IFERROR(INDEX(Instructions!$B:$B,MATCH("Shrinkage 10 Or More FTEs",Instructions!$A:$A,0)),12%))),IF(D8<IFERROR(INDEX(Instructions!$B:$B,MATCH("Shrinkage Threshold FTE",Instructions!$A:$A,0)),10),IFERROR(INDEX(Instructions!$B:$B,MATCH("Shrinkage Less Than 10 FTEs",Instructions!$A:$A,0)),20%),IFERROR(INDEX(Instructions!$B:$B,MATCH("Shrinkage 10 Or More FTEs",Instructions!$A:$A,0)),12%))))))) | W8: =IF(E8="","",MAX(0,'FT Wise'!AF8-N8*(1-(IF(IFERROR(INDEX(Instructions!$B:$B,MATCH("Shrinkage Source",Instructions!$A:$A,0)),"Shrinkage Sheet")="Shrinkage Sheet",IFERROR(IF(Shrinkage!D8="-",IF(E8<IFERROR(INDEX(Instructions!$B:$B,MATCH("Shrinkage Threshold FTE",Instructions!$A:$A,0)),10),IFERROR(INDEX(Instructions!$B:$B,MATCH("Shrinkage Less Than 10 FTEs",Instructions!$A:$A,0)),20%),IFERROR(INDEX(Instructions!$B:$B,MATCH("Shrinkage 10 Or More FTEs",Instructions!$A:$A,0)),12%)),Shrinkage!D8),IF(E8<IFERROR(INDEX(Instructions!$B:$B,MATCH("Shrinkage Threshold FTE",Instructions!$A:$A,0)),10),IFERROR(INDEX(Instructions!$B:$B,MATCH("Shrinkage Less Than 10 FTEs",Instructions!$A:$A,0)),20%),IFERROR(INDEX(Instructions!$B:$B,MATCH("Shrinkage 10 Or More FTEs",Instructions!$A:$A,0)),12%))),IF(E8<IFERROR(INDEX(Instructions!$B:$B,MATCH("Shrinkage Threshold FTE",Instructions!$A:$A,0)),10),IFERROR(INDEX(Instructions!$B:$B,MATCH("Shrinkage Less Than 10 FTEs",Instructions!$A:$A,0)),20%),IFERROR(INDEX(Instructions!$B:$B,MATCH("Shrinkage 10 Or More FTEs",Instructions!$A:$A,0)),12%))))))) | X8: =IF(F8="","",MAX(0,'FT Wise'!AG8-O8*(1-(IF(IFERROR(INDEX(Instructions!$B:$B,MATCH("Shrinkage Source",Instructions!$A:$A,0)),"Shrinkage Sheet")="Shrinkage Sheet",IFERROR(IF(Shrinkage!E8="-",IF(F8<IFERROR(INDEX(Instructions!$B:$B,MATCH("Shrinkage Threshold FTE",Instructions!$A:$A,0)),10),IFERROR(INDEX(Instructions!$B:$B,MATCH("Shrinkage Less Than 10 FTEs",Instructions!$A:$A,0)),20%),IFERROR(INDEX(Instructions!$B:$B,MATCH("Shrinkage 10 Or More FTEs",Instructions!$A:$A,0)),12%)),Shrinkage!E8),IF(F8<IFERROR(INDEX(Instructions!$B:$B,MATCH("Shrinkage Threshold FTE",Instructions!$A:$A,0)),10),IFERROR(INDEX(Instructions!$B:$B,MATCH("Shrinkage Less Than 10 FTEs",Instructions!$A:$A,0)),20%),IFERROR(INDEX(Instructions!$B:$B,MATCH("Shrinkage 10 Or More FTEs",Instructions!$A:$A,0)),12%))),IF(F8<IFERROR(INDEX(Instructions!$B:$B,MATCH("Shrinkage Threshold FTE",Instructions!$A:$A,0)),10),IFERROR(INDEX(Instructions!$B:$B,MATCH("Shrinkage Less Than 10 FTEs",Instructions!$A:$A,0)),20%),IFERROR(INDEX(Instructions!$B:$B,MATCH("Shrinkage 10 Or More FTEs",Instructions!$A:$A,0)),12%))))))) | Y8: =IF(G8="","",MAX(0,'FT Wise'!AH8-P8*(1-(IF(IFERROR(INDEX(Instructions!$B:$B,MATCH("Shrinkage Source",Instructions!$A:$A,0)),"Shrinkage Sheet")="Shrinkage Sheet",IFERROR(IF(Shrinkage!F8="-",IF(G8<IFERROR(INDEX(Instructions!$B:$B,MATCH("Shrinkage Threshold FTE",Instructions!$A:$A,0)),10),IFERROR(INDEX(Instructions!$B:$B,MATCH("Shrinkage Less Than 10 FTEs",Instructions!$A:$A,0)),20%),IFERROR(INDEX(Instructions!$B:$B,MATCH("Shrinkage 10 Or More FTEs",Instructions!$A:$A,0)),12%)),Shrinkage!F8),IF(G8<IFERROR(INDEX(Instructions!$B:$B,MATCH("Shrinkage Threshold FTE",Instructions!$A:$A,0)),10),IFERROR(INDEX(Instructions!$B:$B,MATCH("Shrinkage Less Than 10 FTEs",Instructions!$A:$A,0)),20%),IFERROR(INDEX(Instructions!$B:$B,MATCH("Shrinkage 10 Or More FTEs",Instructions!$A:$A,0)),12%))),IF(G8<IFERROR(INDEX(Instructions!$B:$B,MATCH("Shrinkage Threshold FTE",Instructions!$A:$A,0)),10),IFERROR(INDEX(Instructions!$B:$B,MATCH("Shrinkage Less Than 10 FTEs",Instructions!$A:$A,0)),20%),IFERROR(INDEX(Instructions!$B:$B,MATCH("Shrinkage 10 Or More FTEs",Instructions!$A:$A,0)),12%))))))) | Z8: =IF(H8="","",MAX(0,'FT Wise'!AI8-Q8*(1-(IF(IFERROR(INDEX(Instructions!$B:$B,MATCH("Shrinkage Source",Instructions!$A:$A,0)),"Shrinkage Sheet")="Shrinkage Sheet",IFERROR(IF(Shrinkage!G8="-",IF(H8<IFERROR(INDEX(Instructions!$B:$B,MATCH("Shrinkage Threshold FTE",Instructions!$A:$A,0)),10),IFERROR(INDEX(Instructions!$B:$B,MATCH("Shrinkage Less Than 10 FTEs",Instructions!$A:$A,0)),20%),IFERROR(INDEX(Instructions!$B:$B,MATCH("Shrinkage 10 Or More FTEs",Instructions!$A:$A,0)),12%)),Shrinkage!G8),IF(H8<IFERROR(INDEX(Instructions!$B:$B,MATCH("Shrinkage Threshold FTE",Instructions!$A:$A,0)),10),IFERROR(INDEX(Instructions!$B:$B,MATCH("Shrinkage Less Than 10 FTEs",Instructions!$A:$A,0)),20%),IFERROR(INDEX(Instructions!$B:$B,MATCH("Shrinkage 10 Or More FTEs",Instructions!$A:$A,0)),12%))),IF(H8<IFERROR(INDEX(Instructions!$B:$B,MATCH("Shrinkage Threshold FTE",Instructions!$A:$A,0)),10),IFERROR(INDEX(Instructions!$B:$B,MATCH("Shrinkage Less Than 10 FTEs",Instructions!$A:$A,0)),20%),IFERROR(INDEX(Instructions!$B:$B,MATCH("Shrinkage 10 Or More FTEs",Instructions!$A:$A,0)),12%))))))) | AA8: =IF(I8="","",MAX(0,'FT Wise'!AJ8-R8*(1-(IF(IFERROR(INDEX(Instructions!$B:$B,MATCH("Shrinkage Source",Instructions!$A:$A,0)),"Shrinkage Sheet")="Shrinkage Sheet",IFERROR(IF(Shrinkage!H8="-",IF(I8<IFERROR(INDEX(Instructions!$B:$B,MATCH("Shrinkage Threshold FTE",Instructions!$A:$A,0)),10),IFERROR(INDEX(Instructions!$B:$B,MATCH("Shrinkage Less Than 10 FTEs",Instructions!$A:$A,0)),20%),IFERROR(INDEX(Instructions!$B:$B,MATCH("Shrinkage 10 Or More FTEs",Instructions!$A:$A,0)),12%)),Shrinkage!H8),IF(I8<IFERROR(INDEX(Instructions!$B:$B,MATCH("Shrinkage Threshold FTE",Instructions!$A:$A,0)),10),IFERROR(INDEX(Instructions!$B:$B,MATCH("Shrinkage Less Than 10 FTEs",Instructions!$A:$A,0)),20%),IFERROR(INDEX(Instructions!$B:$B,MATCH("Shrinkage 10 Or More FTEs",Instructions!$A:$A,0)),12%))),IF(I8<IFERROR(INDEX(Instructions!$B:$B,MATCH("Shrinkage Threshold FTE",Instructions!$A:$A,0)),10),IFERROR(INDEX(Instructions!$B:$B,MATCH("Shrinkage Less Than 10 FTEs",Instructions!$A:$A,0)),20%),IFERROR(INDEX(Instructions!$B:$B,MATCH("Shrinkage 10 Or More FTEs",Instructions!$A:$A,0)),12%))))))) | AC8: 04:00 | AD8: =IFERROR(U8/C8,"") | AE8: =IFERROR(V8/D8,"") | AF8: =IFERROR(W8/E8,"") | AG8: =IFERROR(X8/F8,"") | AH8: =IFERROR(Y8/G8,"") | AI8: =IFERROR(Z8/H8,"") | AJ8: =IFERROR(AA8/I8,"")
